ticker,date,open,high,low,close
JG,2018-07-26,180.0,196.0,173.0,176.0
JG,2018-07-27,182.4,182.4,150.6,170.0
JG,2018-07-30,169.0,169.0,158.2,160.0
JG,2018-07-31,160.0,164.166,147.8,153.0
JG,2018-08-01,151.0,151.0,142.4,143.6
JG,2018-08-02,141.2,145.6,127.2,145.0
JG,2018-08-03,140.4,146.4,134.4,140.0
JG,2018-08-06,139.2,141.2,134.0,137.2
JG,2018-08-07,138.2,140.4,135.272,136.4
JG,2018-08-08,136.0,136.0,100.0,127.2
JG,2018-08-09,126.0,126.712,114.0,117.8
JG,2018-08-10,112.4,115.4,108.0,110.2
JG,2018-08-13,109.4,116.0,102.0,115.8
JG,2018-08-14,111.2,129.6,110.0,117.2
JG,2018-08-15,114.0,115.8,108.0,108.2
JG,2018-08-16,111.6,116.8,111.6,114.0
JG,2018-08-17,112.8,122.0,112.2,119.0
JG,2018-08-20,127.2,135.8,119.0,122.2
JG,2018-08-21,132.0,159.8,126.0,150.8
JG,2018-08-22,148.6,158.484,138.0,140.4
JG,2018-08-23,144.4,171.0,140.0,162.8
JG,2018-08-24,162.2,173.664,155.532,170.0
JG,2018-08-27,174.0,187.0,172.0,187.0
JG,2018-08-28,186.4,196.206,170.12,192.2
JG,2018-08-29,198.0,234.4,193.6,227.4
JG,2018-08-30,230.0,234.314,217.446,225.4
JG,2018-08-31,220.0,220.0,200.002,210.0
JG,2018-09-04,208.0,208.0,191.4,191.4
JG,2018-09-05,187.6,187.6,168.0,171.2
JG,2018-09-06,171.0,204.72,157.8,189.8
JG,2018-09-07,197.8,200.0,155.2,156.6
JG,2018-09-10,160.6,164.998,152.002,160.5
JG,2018-09-11,159.0,165.0,155.2,163.8
JG,2018-09-12,166.4,174.758,160.8,168.8
JG,2018-09-13,170.8,179.6,161.68,169.8
JG,2018-09-14,171.8,175.576,169.6,170.0
JG,2018-09-17,168.0,171.0,162.44,163.8
JG,2018-09-18,163.4,169.45,162.712,164.0
JG,2018-09-19,162.6,169.608,160.6,164.4
JG,2018-09-20,170.0,170.3,161.4,166.8
JG,2018-09-21,170.0,170.0,162.2,164.8
JG,2018-09-24,152.0,157.8,141.2,150.4
JG,2018-09-25,149.4,152.0,140.4,147.4
JG,2018-09-26,148.2,153.6,144.2,147.8
JG,2018-09-27,146.4,147.0,128.4,133.4
JG,2018-09-28,131.2,139.532,131.2,137.2
JG,2018-10-01,139.2,143.88,132.4,133.2
JG,2018-10-02,134.0,136.6,129.6,132.4
JG,2018-10-03,131.6,140.6,131.6,140.0
JG,2018-10-04,145.4,146.2,127.8,129.0
JG,2018-10-05,128.8,135.8,126.2,128.0
JG,2018-10-08,126.2,132.6,125.8,126.4
JG,2018-10-09,126.0,135.6,126.0,133.0
JG,2018-10-10,131.6,137.0,125.8,125.8
JG,2018-10-11,124.6,124.8,112.002,114.0
JG,2018-10-12,116.4,124.0,116.4,121.0
JG,2018-10-15,120.4,125.0,114.2,124.6
JG,2018-10-16,124.8,128.626,123.5,127.8
JG,2018-10-17,127.8,130.0,121.0,130.0
JG,2018-10-18,126.2,132.0,126.0,132.0
JG,2018-10-19,135.6,137.6,130.0,135.4
JG,2018-10-22,138.0,140.4,129.202,135.0
JG,2018-10-23,127.0,130.424,121.4,123.6
JG,2018-10-24,121.6,126.7,120.2,120.2
JG,2018-10-25,123.6,123.6,116.2,122.8
JG,2018-10-26,118.0,125.6,118.0,125.4
JG,2018-10-29,127.0,134.0,120.2,122.0
JG,2018-10-30,124.2,127.8,121.65,126.4
JG,2018-10-31,127.0,129.8,124.002,124.4
JG,2018-11-01,126.4,135.0,126.4,135.0
JG,2018-11-02,135.6,141.6,134.2,139.8
JG,2018-11-05,132.0,134.8,131.2,134.0
JG,2018-11-06,133.2,137.178,130.0,135.4
JG,2018-11-07,134.0,148.4,131.0,140.0
JG,2018-11-08,138.4,140.0,138.4,140.0
JG,2018-11-09,139.6,139.6,134.002,137.0
JG,2018-11-12,135.0,135.0,123.784,124.8
JG,2018-11-13,130.0,131.2,125.6,125.6
JG,2018-11-14,127.8,127.8,124.8,124.8
JG,2018-11-15,127.64,129.0,126.6,127.6
JG,2018-11-16,126.8,127.6,124.0,127.0
JG,2018-11-19,130.2,131.984,124.4,124.4
JG,2018-11-20,120.2,123.4,120.2,120.4
JG,2018-11-21,124.6,125.0,118.2,121.2
JG,2018-11-23,127.4,127.4,119.6,120.8
JG,2018-11-26,123.4,124.8,121.0,121.6
JG,2018-11-27,120.2,125.6,120.2,121.0
JG,2018-11-28,124.2,124.39,121.536,121.6
JG,2018-11-29,123.498,123.498,120.4,120.4
JG,2018-11-30,123.0,127.38,122.0,123.0
JG,2018-12-03,125.6,127.0,121.6,124.0
JG,2018-12-04,127.2,129.996,121.4,123.8
JG,2018-12-06,121.0,137.0,120.56,123.0
JG,2018-12-07,121.4,123.4,120.8,121.4
JG,2018-12-10,121.0,124.4,121.0,123.062
JG,2018-12-11,121.0,124.0,121.0,121.8
JG,2018-12-12,122.6,140.2,122.6,134.2
JG,2018-12-13,132.236,139.8,132.236,139.6
JG,2018-12-14,135.8,142.6,132.1,137.2
JG,2018-12-17,134.8,139.6,130.4,138.0
JG,2018-12-18,136.0,141.2,136.0,136.6
JG,2018-12-19,132.0,138.606,132.0,136.4
JG,2018-12-20,136.612,139.2,136.0,139.0
JG,2018-12-21,138.0,139.6,135.6,139.6
JG,2018-12-24,138.0,139.0,134.0,138.8
JG,2018-12-26,138.0,141.606,138.0,140.4
JG,2018-12-27,138.0,143.0,137.3,139.6
JG,2018-12-28,140.778,149.598,136.0,138.2
JG,2018-12-31,138.2,146.202,138.2,140.4
JG,2019-01-02,140.4,144.84,136.0,137.2
JG,2019-01-03,143.98,144.0,135.0,136.0
JG,2019-01-04,138.0,139.0,135.0,136.0
JG,2019-01-07,137.4,144.8,135.2,136.8
JG,2019-01-08,139.4,143.0,136.0,137.1
JG,2019-01-09,137.6,140.0,135.0,135.8
JG,2019-01-10,133.6,135.6,130.2,134.0
JG,2019-01-11,134.0,138.0,133.6,134.6
JG,2019-01-14,134.6,137.45,133.0,135.4
JG,2019-01-15,135.4,138.0,131.0,131.0
JG,2019-01-16,131.2,135.8,128.0,128.4
JG,2019-01-17,128.0,131.8,124.0,128.0
JG,2019-01-18,124.0,131.8,123.0,125.8
JG,2019-01-22,123.0,130.598,122.0,122.6
JG,2019-01-23,124.4,127.2,120.2,120.4
JG,2019-01-24,120.2,133.2,120.2,133.2
JG,2019-01-25,136.2,139.4,133.264,136.4
JG,2019-01-28,138.2,150.0,138.2,150.0
JG,2019-01-29,150.0,161.8,150.0,154.2
JG,2019-01-30,150.502,159.2,150.502,154.6
JG,2019-01-31,155.2,160.0,151.4,156.0
JG,2019-02-01,157.4,159.6,156.5,159.6
JG,2019-02-04,160.0,167.8,160.0,167.8
JG,2019-02-05,169.4,169.4,154.57,168.0
JG,2019-02-06,167.8,168.0,161.2,168.0
JG,2019-02-07,164.6,188.45,164.4,174.8
JG,2019-02-08,173.2,179.0,166.6,179.0
JG,2019-02-11,179.0,185.4,178.2,184.8
JG,2019-02-12,185.4,194.0,185.4,188.4
JG,2019-02-13,192.0,195.6,185.0,185.0
JG,2019-02-14,184.6,190.8,177.1,187.0
JG,2019-02-15,187.6,189.9,171.2,180.0
JG,2019-02-19,172.8,182.0,156.65,159.4
JG,2019-02-20,160.6,166.4,157.0,158.2
JG,2019-02-21,158.4,164.0,158.4,158.976
JG,2019-02-22,161.8,171.044,161.8,165.8
JG,2019-02-25,168.8,180.0,168.6,179.9
JG,2019-02-26,179.8,182.8,174.8,179.0
JG,2019-02-27,177.6,179.6,168.624,179.4
JG,2019-02-28,182.0,182.0,168.0,170.0
JG,2019-03-01,174.438,174.438,166.8,168.6
JG,2019-03-04,168.8,174.0,164.0,169.0
JG,2019-03-05,169.2,181.4,169.2,181.4
JG,2019-03-06,171.8,177.4,159.0,160.0
JG,2019-03-07,165.0,165.0,156.2,158.8
JG,2019-03-08,163.8,163.8,154.46,156.2
JG,2019-03-11,153.6,156.0,144.0,144.0
JG,2019-03-12,144.0,148.198,142.8,142.8
JG,2019-03-13,142.8,147.0,134.0,141.2
JG,2019-03-14,136.2,148.0,136.2,147.0
JG,2019-03-15,146.6,148.6,142.2,143.4
JG,2019-03-18,143.4,144.8,140.0,142.0
JG,2019-03-19,140.2,142.0,137.0,141.2
JG,2019-03-20,139.0,142.0,126.2,128.0
JG,2019-03-21,129.0,142.0,129.0,136.8
JG,2019-03-22,139.8,140.0,130.0,136.2
JG,2019-03-25,136.2,140.0,130.7,132.0
JG,2019-03-26,138.8,138.8,130.0,137.4
JG,2019-03-27,131.0,137.4,130.6,136.2
JG,2019-03-28,131.2,136.2,131.2,136.0
JG,2019-03-29,136.0,136.0,131.4,132.0
JG,2019-04-01,139.2,140.05,130.202,131.2
JG,2019-04-02,131.6,134.4,131.0,134.0
JG,2019-04-03,134.0,138.0,134.0,136.0
JG,2019-04-04,136.2,145.6,135.6,136.4
JG,2019-04-05,137.718,141.8,137.4,138.0
JG,2019-04-08,141.0,145.088,138.294,142.2
JG,2019-04-09,144.0,150.0,144.0,150.0
JG,2019-04-10,151.6,164.0,151.4,159.8
JG,2019-04-11,160.0,181.0,160.0,179.4
JG,2019-04-12,179.0,180.4,171.2,177.0
JG,2019-04-15,177.4,177.4,160.2,170.4
JG,2019-04-16,170.4,175.0,168.2,173.4
JG,2019-04-17,175.2,176.0,171.6,172.4
JG,2019-04-18,171.0,171.3,154.8,165.8
JG,2019-04-22,161.002,165.8,161.002,164.6
JG,2019-04-23,165.8,179.8,163.0,177.8
JG,2019-04-24,176.0,177.8,168.382,169.6
JG,2019-04-25,167.4,168.4,159.4,160.0
JG,2019-04-26,160.2,168.2,160.2,161.8
JG,2019-04-29,164.4,171.856,164.4,166.8
JG,2019-04-30,166.0,166.998,157.6,160.0
JG,2019-05-01,161.4,162.4,157.6,160.0
JG,2019-05-02,161.0,161.6,157.8,160.4
JG,2019-05-03,161.0,162.0,158.9,160.4
JG,2019-05-06,151.6,164.0,151.4,160.4
JG,2019-05-07,164.0,164.0,156.4,162.0
JG,2019-05-08,162.2,162.2,159.6,159.6
JG,2019-05-09,158.4,161.6,154.4,156.4
JG,2019-05-10,156.4,162.2,154.0,162.2
JG,2019-05-13,157.0,158.514,148.2,150.2
JG,2019-05-14,147.6,157.8,147.6,156.0
JG,2019-05-15,154.0,160.0,152.2,159.6
JG,2019-05-16,160.0,165.6,152.8,152.8
JG,2019-05-17,155.8,164.8,154.8,154.8
JG,2019-05-20,154.2,157.0,148.0,154.0
JG,2019-05-21,155.4,163.8,154.8,156.0
JG,2019-05-22,158.0,179.0,149.22,177.4
JG,2019-05-23,174.6,176.4,166.4,166.4
JG,2019-05-24,170.2,172.0,156.6,160.2
JG,2019-05-28,160.424,165.774,155.2,155.6
JG,2019-05-29,156.6,158.9,155.2,155.2
JG,2019-05-30,156.0,157.35,145.4,146.75
JG,2019-05-31,146.0,154.6,140.4,141.2
JG,2019-06-03,141.2,149.0,138.6,141.0
JG,2019-06-04,143.0,146.9,140.2,144.0
JG,2019-06-05,149.8,149.8,133.2,133.2
JG,2019-06-06,140.0,140.4,125.2,125.2
JG,2019-06-07,125.4,128.0,102.4,112.4
JG,2019-06-10,110.0,125.91,108.0,108.2
JG,2019-06-11,108.0,117.8,100.0,100.2
JG,2019-06-12,102.4,107.4,90.6,94.4
JG,2019-06-13,95.0,98.0,80.4,97.0
JG,2019-06-14,94.4,108.2,94.006,106.0
JG,2019-06-17,116.0,116.0,102.6,108.0
JG,2019-06-18,109.0,115.8,102.8,115.4
JG,2019-06-19,113.2,114.0,105.0,107.0
JG,2019-06-20,109.0,111.7,103.2,106.8
JG,2019-06-21,106.8,107.078,103.2,106.2
JG,2019-06-24,106.2,106.2,100.8,101.2
JG,2019-06-25,101.8,103.2,95.2,100.6
JG,2019-06-26,101.8,104.2,96.6,97.2
JG,2019-06-27,94.6,98.0,93.0,94.8
JG,2019-06-28,96.0,99.324,93.4,95.0
JG,2019-07-01,96.2,100.2,95.676,98.2
JG,2019-07-02,97.4,101.4,92.2,99.8
JG,2019-07-03,98.8,103.0,97.932,98.0
JG,2019-07-05,98.6,102.2,98.6,101.8
JG,2019-07-08,102.0,109.0,100.7,108.0
JG,2019-07-09,108.8,127.0,107.336,112.2
JG,2019-07-10,112.2,119.4,110.0,118.2
JG,2019-07-11,115.0,119.4,106.2,106.2
JG,2019-07-12,115.0,119.224,115.0,116.8
JG,2019-07-15,117.0,118.4,111.6,114.2
JG,2019-07-16,119.05,119.05,111.6,112.8
JG,2019-07-17,114.172,114.172,111.6,111.6
JG,2019-07-18,113.6,113.6,108.2,111.4
JG,2019-07-19,111.652,111.652,108.2,110.4
JG,2019-07-22,108.2,109.3,108.2,108.8
JG,2019-07-23,109.0,112.0,109.0,112.0
JG,2019-07-24,111.022,113.8,108.742,110.0
JG,2019-07-25,109.8,112.8,107.332,110.0
JG,2019-07-26,114.0,114.0,110.0,111.8
JG,2019-07-29,111.2,111.6,106.4,106.8
JG,2019-07-30,105.6,109.2,105.6,105.8
JG,2019-07-31,105.8,106.4,105.0,106.4
JG,2019-08-01,107.0,108.2,105.2,105.4
JG,2019-08-02,105.0,108.0,100.032,103.4
JG,2019-08-05,100.4,100.4,95.4,97.0
JG,2019-08-06,99.73,105.8,97.004,99.0
JG,2019-08-07,101.2,101.2,96.2,97.0
JG,2019-08-08,97.0,99.8,96.4,98.0
JG,2019-08-09,99.6,102.6,94.6,95.6
JG,2019-08-12,95.4,98.4,95.4,98.0
JG,2019-08-13,95.0,97.8,93.0,97.8
JG,2019-08-14,95.0,96.0,90.2,94.0
JG,2019-08-15,94.0,95.8,92.0,95.0
JG,2019-08-16,95.6,102.872,92.2,92.2
JG,2019-08-19,96.8,96.8,87.0,90.8
JG,2019-08-20,89.0,89.0,81.6,83.0
JG,2019-08-21,83.8,86.2,72.0,72.0
JG,2019-08-22,75.6,81.0,75.6,76.0
JG,2019-08-23,77.6,79.4,74.0,74.0
JG,2019-08-26,72.8,75.4,70.6,71.8
JG,2019-08-27,72.6,74.4,71.632,74.4
JG,2019-08-28,71.8,73.8,70.0,72.4
JG,2019-08-29,72.4,73.8,70.5,71.0
JG,2019-08-30,73.4,73.8,71.2,73.4
JG,2019-09-03,74.0,74.0,71.0,71.5
JG,2019-09-04,73.6,74.0,72.0,72.5
JG,2019-09-05,72.6,73.6,70.602,71.0
JG,2019-09-06,71.4,72.0,71.0,71.4
JG,2019-09-09,71.0,71.448,68.0,68.8
JG,2019-09-10,68.4,69.2,66.0,67.6
JG,2019-09-11,69.224,71.9,69.0,70.4
JG,2019-09-12,70.4,70.4,67.4,70.0
JG,2019-09-13,70.4,74.0,70.0,70.0
JG,2019-09-16,69.0,71.0,68.4,69.0
JG,2019-09-17,69.0,72.0,65.2,70.6
JG,2019-09-18,71.0,71.8,68.2,71.0
JG,2019-09-19,70.4,70.4,68.8,69.4
JG,2019-09-20,69.8,70.0,68.3,70.0
JG,2019-09-23,69.8,69.8,66.6,66.8
JG,2019-09-24,66.0,70.2,66.0,70.2
JG,2019-09-25,70.0,73.8,70.0,70.4
JG,2019-09-26,68.8,73.8,68.8,72.8
JG,2019-09-27,72.8,75.0,72.4,73.4
JG,2019-09-30,73.6,80.0,66.0,79.6
JG,2019-10-01,79.6,81.724,79.4,81.6
JG,2019-10-02,81.6,81.888,72.37,77.0
JG,2019-10-03,78.0,78.218,75.2,75.4
JG,2019-10-04,75.3,76.4,72.0,76.0
JG,2019-10-07,75.2,76.6,74.0,75.0
JG,2019-10-08,74.0,74.2,69.4,70.2
JG,2019-10-09,71.51,73.2,70.8,71.0
JG,2019-10-10,72.2,72.562,68.2,68.8
JG,2019-10-11,70.6,76.8,70.0,73.4
JG,2019-10-14,72.3,75.0,69.1,69.2
JG,2019-10-15,70.0,74.4,66.276,68.2
JG,2019-10-16,68.4,76.8,68.4,76.0
JG,2019-10-17,74.6,76.0,72.604,75.6
JG,2019-10-18,75.8,80.0,71.8,79.8
JG,2019-10-21,77.8,79.8,76.0,79.8
JG,2019-10-22,79.0,79.6,75.6,75.6
JG,2019-10-23,76.0,80.0,76.0,79.6
JG,2019-10-24,80.0,80.0,76.84,79.6
JG,2019-10-25,79.0,79.6,75.0,79.6
JG,2019-10-28,79.116,80.4,77.4,78.0
JG,2019-10-29,79.8,80.8,78.8,79.4
JG,2019-10-30,80.4,81.2,79.0,79.2
JG,2019-10-31,80.0,80.6,79.396,80.4
JG,2019-11-01,80.2,80.8,79.4,80.0
JG,2019-11-04,79.4,81.4,79.0,80.9
JG,2019-11-05,82.0,82.6,80.6,82.0
JG,2019-11-06,81.0,81.8,79.3,80.8
JG,2019-11-07,81.8,83.0,79.6,83.0
JG,2019-11-08,82.8,86.876,82.3,85.0
JG,2019-11-11,86.1,86.1,83.012,85.8
JG,2019-11-12,84.4,85.6,83.4,84.2
JG,2019-11-13,85.0,85.4,82.6,83.0
JG,2019-11-14,82.6,84.9,81.0,82.8
JG,2019-11-15,81.0,85.6,81.0,85.6
JG,2019-11-18,85.6,85.6,81.0,82.0
JG,2019-11-19,83.6,85.0,81.0,84.0
JG,2019-11-20,80.8,87.2,80.8,84.4
JG,2019-11-21,80.0,80.0,58.0,74.0
JG,2019-11-22,69.2,70.0,60.0,66.78
JG,2019-11-25,62.2,65.6,59.0,60.0
JG,2019-11-26,63.4,63.4,51.2,55.0
JG,2019-11-27,56.2,56.2,50.22,51.0
JG,2019-11-29,48.6,49.8,47.7,48.0
JG,2019-12-02,53.6,53.6,40.0,44.0
JG,2019-12-03,42.2,46.118,42.07,44.8
JG,2019-12-04,46.4,46.4,41.258,42.0
JG,2019-12-05,41.2,43.6,41.0,41.8
JG,2019-12-06,42.0,47.6,42.0,45.2
JG,2019-12-09,47.8,48.8,43.0,45.4
JG,2019-12-10,45.6,46.8,44.4,45.0
JG,2019-12-11,45.0,48.6,42.4,47.8
JG,2019-12-12,47.8,48.6,46.0,47.2
JG,2019-12-13,47.2,47.2,46.4,46.8
JG,2019-12-16,45.6,46.0,43.472,46.0
JG,2019-12-17,46.0,46.0,44.0,45.2
JG,2019-12-18,44.416,45.4,43.2,45.4
JG,2019-12-19,43.79,45.6,41.0,43.0
JG,2019-12-20,42.4,44.6,41.4,41.4
JG,2019-12-23,41.4,43.8,41.4,43.8
JG,2019-12-24,43.6,43.8,41.6,42.4
JG,2019-12-26,43.0,43.8,42.0,43.2
JG,2019-12-27,43.8,47.6,43.68,45.2
JG,2019-12-30,44.6,54.0,44.2,52.266
JG,2019-12-31,54.0,75.2,54.0,59.0
JG,2020-01-02,64.6,64.6,53.2,55.4
JG,2020-01-03,57.0,57.514,50.0,51.4
JG,2020-01-06,49.8,51.0,48.2,49.4
JG,2020-01-07,51.4,56.4,48.6,48.6
JG,2020-01-08,48.6,49.25,45.0,45.4
JG,2020-01-09,45.4,50.656,45.4,46.4
JG,2020-01-10,46.85,49.8,46.85,47.6
JG,2020-01-13,48.0,48.0,47.2,47.2
JG,2020-01-14,47.6,57.2,47.286,57.0
JG,2020-01-15,56.8,56.8,50.4,52.6
JG,2020-01-16,51.406,52.4,51.002,51.002
JG,2020-01-17,53.6,53.6,50.8,53.0
JG,2020-01-21,54.0,54.0,50.0,50.0
JG,2020-01-22,51.0,53.4,50.2,52.0
JG,2020-01-23,52.4,54.6,50.8,52.2
JG,2020-01-24,52.076,54.8,52.076,53.0
JG,2020-01-27,52.2,54.4,52.0,52.4
JG,2020-01-28,53.6,55.8,53.452,54.6
JG,2020-01-29,54.8,55.8,54.8,55.4
JG,2020-01-30,56.2,56.4,53.0,54.6
JG,2020-01-31,55.2,56.0,50.846,55.0
JG,2020-02-03,53.4,55.6,53.4,54.2
JG,2020-02-04,54.0,55.4,54.0,55.4
JG,2020-02-05,55.4,56.622,55.4,56.4
JG,2020-02-06,56.2,58.6,56.2,58.0
JG,2020-02-07,60.0,61.2,54.974,58.0
JG,2020-02-10,57.2,58.6,56.428,58.6
JG,2020-02-11,60.0,60.0,58.6,59.8
JG,2020-02-12,58.8,61.2,58.8,59.8
JG,2020-02-13,60.2,62.8,59.6,61.4
JG,2020-02-14,61.6,61.8,57.2,61.6
JG,2020-02-18,61.6,62.0,57.0,62.0
JG,2020-02-19,62.0,62.0,59.4,61.2
JG,2020-02-20,60.0,61.0,57.8,59.6
JG,2020-02-21,60.2,61.6,59.5,60.4
JG,2020-02-24,58.2,61.6,57.2,58.8
JG,2020-02-25,58.746,58.8,52.6,54.0
JG,2020-02-26,57.734,59.312,51.2,51.706
JG,2020-02-27,49.0,53.016,48.2,48.2
JG,2020-02-28,48.4,53.6,48.4,53.6
JG,2020-03-02,58.866,58.866,53.8,57.2
JG,2020-03-03,57.8,58.4,56.2,57.4
JG,2020-03-04,58.6,60.4,55.4,55.4
JG,2020-03-05,56.0,58.794,53.0,55.0
JG,2020-03-06,57.2,57.2,53.0,55.0
JG,2020-03-09,54.8,54.8,52.0,53.2
JG,2020-03-10,54.0,54.8,50.8,51.6
JG,2020-03-11,52.0,53.8,51.4,52.6
JG,2020-03-12,50.8,51.4,46.628,49.2
JG,2020-03-13,48.2,52.4,48.2,51.6
JG,2020-03-16,50.0,52.0,47.8,48.0
JG,2020-03-17,49.8,52.0,46.0,48.0
JG,2020-03-18,47.4,54.0,30.0,30.0
JG,2020-03-19,37.0,43.8,37.0,40.4
JG,2020-03-20,41.0,44.0,41.0,43.8
JG,2020-03-23,44.0,48.598,42.4,47.0
JG,2020-03-24,47.0,47.0,44.4,46.8
JG,2020-03-25,45.0,45.0,44.628,44.8
JG,2020-03-26,44.8,46.5,44.0,45.4
JG,2020-03-27,47.594,47.998,45.4,45.8
JG,2020-03-30,45.6,45.8,45.0,45.8
JG,2020-03-31,45.8,46.4,44.2,46.0
JG,2020-04-01,43.85,47.6,43.85,46.0
JG,2020-04-02,43.8,45.798,43.8,45.798
JG,2020-04-03,45.8,45.8,44.6,44.6
JG,2020-04-06,46.4,48.4,45.0,46.0
JG,2020-04-07,48.2,50.0,48.0,48.0
JG,2020-04-08,48.0,49.4,47.6,49.4
JG,2020-04-09,49.8,50.4,47.8,47.8
JG,2020-04-13,48.0,48.0,45.6,47.0
JG,2020-04-14,47.626,48.4,47.626,48.4
JG,2020-04-15,47.2,48.6,44.0,46.0
JG,2020-04-16,48.6,48.6,45.6,46.6
JG,2020-04-17,48.4,48.4,47.0,47.0
JG,2020-04-20,47.0,48.0,47.0,47.4
JG,2020-04-21,47.4,47.8,46.6,46.6
JG,2020-04-22,47.6,47.6,45.954,46.0
JG,2020-04-23,47.6,47.6,46.0,47.6
JG,2020-04-24,47.6,47.8,45.224,47.6
JG,2020-04-27,46.4,47.6,45.0,47.6
JG,2020-04-28,47.6,49.2,44.424,45.6
JG,2020-04-29,47.248,47.6,46.516,46.8
JG,2020-04-30,47.4,48.6,46.736,48.6
JG,2020-05-01,48.596,48.6,45.0,46.0
JG,2020-05-04,46.6,46.6,44.444,45.8
JG,2020-05-05,44.8,48.8,44.0,44.0
JG,2020-05-06,44.4,46.0,44.4,44.4
JG,2020-05-07,45.8,46.8,45.8,46.0
JG,2020-05-08,45.8,46.8,45.6,46.0
JG,2020-05-11,46.0,46.8,44.8,45.6
JG,2020-05-12,46.8,46.8,45.6,45.6
JG,2020-05-13,46.8,46.8,44.8,44.8
JG,2020-05-14,44.8,46.4,40.4,41.2
JG,2020-05-15,46.2,46.2,35.4,36.6
JG,2020-05-18,36.6,38.8,34.8,35.4
JG,2020-05-19,37.0,42.0,35.6,35.6
JG,2020-05-20,38.0,39.0,35.6,36.0
JG,2020-05-21,37.2,37.684,35.2,36.2
JG,2020-05-22,36.2,36.3,35.4,35.4
JG,2020-05-26,35.8,36.4,35.2,35.2
JG,2020-05-27,36.4,36.4,34.4,35.2
JG,2020-05-28,36.8,37.4,35.2,35.4
JG,2020-05-29,36.0,37.4,32.4,32.4
JG,2020-06-01,32.4,35.0,31.4,31.8
JG,2020-06-02,32.8,34.996,31.0,31.0
JG,2020-06-03,32.8,32.918,30.2,31.0
JG,2020-06-04,32.0,32.8,31.2,31.2
JG,2020-06-05,32.0,32.774,31.4,32.4
JG,2020-06-08,34.8,35.0,31.6,32.398
JG,2020-06-09,34.0,34.0,31.4,31.6
JG,2020-06-10,33.0,39.2,31.4,35.2
JG,2020-06-11,35.2,35.6,31.2,31.6
JG,2020-06-12,33.2,33.2,31.2,31.6
JG,2020-06-15,30.0,32.0,29.0,30.8
JG,2020-06-16,29.4,31.98,29.2,29.2
JG,2020-06-17,29.4,32.0,28.6,30.8
JG,2020-06-18,31.2,32.2,30.4,31.6
JG,2020-06-19,31.8,32.8,31.0,31.6
JG,2020-06-22,31.6,31.8,30.0,30.8
JG,2020-06-23,31.0,32.798,30.8,31.0
JG,2020-06-24,31.0,32.2,30.0,30.0
JG,2020-06-25,30.6,31.6,30.0,30.8
JG,2020-06-26,30.8,31.2,30.0,30.6
JG,2020-06-29,30.2,31.4,28.8,30.8
JG,2020-06-30,30.8,32.4,30.8,31.8
JG,2020-07-01,32.2,32.2,30.6,31.0
JG,2020-07-02,30.9,32.2,30.8,31.0
JG,2020-07-06,31.0,32.4,31.0,32.0
JG,2020-07-07,31.8,32.598,31.6,32.0
JG,2020-07-08,32.0,34.2,32.0,33.4
JG,2020-07-09,33.6,34.5,33.0,33.0
JG,2020-07-10,33.0,33.4,32.202,33.2
JG,2020-07-13,33.4,39.8,33.202,35.6
JG,2020-07-14,35.6,38.3,35.6,35.8
JG,2020-07-15,37.4,37.6,36.2,37.4
JG,2020-07-16,36.8,36.8,35.6,35.8
JG,2020-07-17,35.8,36.8,34.3,34.8
JG,2020-07-20,34.8,35.0,33.2,33.8
JG,2020-07-21,34.0,37.0,33.2,37.0
JG,2020-07-22,37.0,39.0,35.5,35.8
JG,2020-07-23,35.6,35.6,33.8,35.2
JG,2020-07-24,34.6,35.2,33.8,33.8
JG,2020-07-27,34.4,36.402,34.2,35.8
JG,2020-07-28,36.2,37.6,35.002,35.5
JG,2020-07-29,36.0,36.0,34.4,35.2
JG,2020-07-30,35.2,35.7,34.3,35.4
JG,2020-07-31,35.8,37.0,35.4,36.6
JG,2020-08-03,37.4,37.8,36.0,37.2
JG,2020-08-04,36.8,37.0,35.8,36.798
JG,2020-08-05,36.4,36.8,36.2,36.6
JG,2020-08-06,36.6,36.6,35.8,36.126
JG,2020-08-07,35.8,35.9,34.4,34.8
JG,2020-08-10,34.8,36.0,34.6,35.8
JG,2020-08-11,34.208,35.4,34.036,35.4
JG,2020-08-12,35.6,35.6,34.0,34.6
JG,2020-08-13,34.2,35.2,32.4,33.0
JG,2020-08-14,34.0,34.4,32.8,33.4
JG,2020-08-17,33.4,34.0,32.4,32.8
JG,2020-08-18,31.6,33.4,31.6,32.8
JG,2020-08-19,33.4,33.8,33.0,33.4
JG,2020-08-20,33.0,34.4,33.0,33.4
JG,2020-08-21,34.2,35.8,33.8,33.8
JG,2020-08-24,34.0,35.4,33.8,34.2
JG,2020-08-25,34.6,36.0,33.9,34.4
JG,2020-08-26,34.8,37.0,33.8,34.0
JG,2020-08-27,34.4,36.8,34.4,36.6
JG,2020-08-28,36.0,36.6,35.4,35.6
JG,2020-08-31,36.0,37.0,34.8,34.8
JG,2020-09-01,36.6,37.0,34.8,35.2
JG,2020-09-02,35.0,35.8,34.0,34.0
JG,2020-09-03,34.2,34.4,33.2,33.2
JG,2020-09-04,33.2,35.178,33.0,33.2
JG,2020-09-08,33.2,36.0,33.2,35.2
JG,2020-09-09,36.0,37.2,34.4,34.4
JG,2020-09-10,38.0,38.798,34.0,35.0
JG,2020-09-11,35.2,36.2,34.6,34.8
JG,2020-09-14,35.4,36.0,34.8,34.8
JG,2020-09-15,35.0,36.0,34.0,34.0
JG,2020-09-16,33.8,35.0,33.8,34.2
JG,2020-09-17,33.6,35.0,33.6,34.2
JG,2020-09-18,34.8,34.8,32.2,32.2
JG,2020-09-21,31.8,34.8,31.4,32.0
JG,2020-09-22,33.134,34.0,31.0,32.0
JG,2020-09-23,32.4,32.6,28.0,30.8
JG,2020-09-24,30.2,31.8,29.6,31.2
JG,2020-09-25,30.8,30.8,30.0,30.2
JG,2020-09-28,30.2,31.0,30.2,30.2
JG,2020-09-29,30.2,30.6,30.0,30.0
JG,2020-09-30,28.8,31.0,28.8,30.8
JG,2020-10-01,30.4,30.4,29.0,29.8
JG,2020-10-02,28.8,29.8,28.8,29.2
JG,2020-10-05,29.4,30.6,29.4,30.6
JG,2020-10-06,30.8,30.8,30.2,30.2
JG,2020-10-07,29.4,30.0,28.7,29.0
JG,2020-10-08,28.8,30.4,28.8,29.9
JG,2020-10-09,30.1,30.1,29.2,30.0
JG,2020-10-12,31.0,31.0,29.2,29.4
JG,2020-10-13,30.2,30.2,28.8,29.0
JG,2020-10-14,30.0,31.4,29.8,30.8
JG,2020-10-15,31.4,36.8,30.012,34.4
JG,2020-10-16,33.2,41.2,33.2,36.4
JG,2020-10-19,36.0,47.222,36.0,43.2
JG,2020-10-20,44.4,59.4,36.0,36.0
JG,2020-10-21,35.6,38.0,34.0,34.2
JG,2020-10-22,33.6,38.456,33.6,34.8
JG,2020-10-23,34.8,38.0,34.29,37.6
JG,2020-10-26,39.4,43.0,34.6,35.2
JG,2020-10-27,36.0,39.418,33.6,34.6
JG,2020-10-28,36.0,38.0,33.4,37.6
JG,2020-10-29,37.6,38.4,35.0,35.4
JG,2020-10-30,35.4,36.2,34.0,34.2
JG,2020-11-02,34.8,36.2,34.4,35.4
JG,2020-11-03,36.2,37.6,34.6,37.0
JG,2020-11-04,36.0,37.6,34.6,36.0
JG,2020-11-05,35.8,37.0,35.4,35.6
JG,2020-11-06,35.8,38.0,34.6,37.4
JG,2020-11-09,38.0,40.2,36.4,38.6
JG,2020-11-10,38.4,40.6,38.0,39.0
JG,2020-11-11,39.0,42.5,37.0,38.0
JG,2020-11-12,38.8,39.8,35.6,36.2
JG,2020-11-13,36.2,41.6,36.2,41.4
JG,2020-11-16,41.8,46.0,39.4,41.4
JG,2020-11-17,41.8,43.8,41.0,43.0
JG,2020-11-18,43.0,45.268,42.0,43.6
JG,2020-11-19,46.0,46.6,43.6,46.0
JG,2020-11-20,46.0,54.6,45.992,50.4
JG,2020-11-23,54.0,72.2,53.6,72.0
JG,2020-11-24,92.0,108.6,68.002,73.0
JG,2020-11-25,68.0,69.0,60.936,63.2
JG,2020-11-27,80.0,102.4,73.4,78.0
JG,2020-11-30,76.0,76.4,70.62,73.8
JG,2020-12-01,74.6,80.0,64.2,65.0
JG,2020-12-02,65.4,71.828,62.0,63.0
JG,2020-12-03,63.6,68.0,63.0,64.4
JG,2020-12-04,64.0,67.0,61.2,65.0
JG,2020-12-07,75.0,75.4,66.8,69.6
JG,2020-12-08,73.2,75.0,67.2,71.0
JG,2020-12-09,71.6,72.0,66.546,67.6
JG,2020-12-10,67.2,68.2,64.2,65.4
JG,2020-12-11,65.0,69.0,64.4,68.4
JG,2020-12-14,69.0,72.4,66.0,71.6
JG,2020-12-15,70.8,71.082,66.2,69.2
JG,2020-12-16,68.4,70.4,66.4,69.0
JG,2020-12-17,68.2,71.0,65.0,67.2
JG,2020-12-18,66.4,69.6,65.2,69.4
JG,2020-12-21,68.2,68.8,61.6,63.8
JG,2020-12-22,121.0,121.2,87.0,95.8
JG,2020-12-23,90.6,95.6,74.802,76.0
JG,2020-12-24,85.4,85.4,75.596,78.6
JG,2020-12-28,83.8,84.6,76.6,78.6
JG,2020-12-29,78.6,79.6,74.35,77.0
JG,2020-12-30,75.6,82.0,74.0,76.8
JG,2020-12-31,78.162,80.0,70.0,71.2
JG,2021-01-04,72.0,72.4,65.0,67.0
JG,2021-01-05,66.0,70.2,65.6,68.0
JG,2021-01-06,67.2,70.0,66.5,67.4
JG,2021-01-07,69.6,74.0,68.4,73.4
JG,2021-01-08,72.4,74.6,69.6,74.4
JG,2021-01-11,73.6,76.768,72.4,74.0
JG,2021-01-12,75.6,76.0,71.4,72.2
JG,2021-01-13,72.0,73.6,69.3,71.4
JG,2021-01-14,72.2,74.8,71.6,72.8
JG,2021-01-15,72.2,75.6,70.4,74.0
JG,2021-01-19,74.4,78.0,74.0,74.8
JG,2021-01-20,78.4,82.6,76.0,77.6
JG,2021-01-21,78.2,81.8,76.602,79.6
JG,2021-01-22,79.6,81.0,75.2,79.6
JG,2021-01-25,80.0,80.0,73.0,75.0
JG,2021-01-26,77.0,78.0,72.4,73.2
JG,2021-01-27,72.0,73.2,68.6,70.4
JG,2021-01-28,72.6,73.8,67.0,67.0
JG,2021-01-29,67.2,69.8,65.4,67.0
JG,2021-02-01,68.0,69.0,65.2,69.0
JG,2021-02-02,69.2,73.8,68.2,72.8
JG,2021-02-03,73.4,77.0,73.106,76.4
JG,2021-02-04,77.8,81.2,77.0,79.6
JG,2021-02-05,219.4,220.0,97.8,99.6
JG,2021-02-08,114.394,131.4,104.0,115.0
JG,2021-02-09,119.4,140.0,116.8,140.0
JG,2021-02-10,167.4,170.0,147.0,162.6
JG,2021-02-11,146.4,159.0,137.6,141.4
JG,2021-02-12,134.0,135.2,118.4,122.2
JG,2021-02-16,127.0,139.0,127.0,134.2
JG,2021-02-17,130.8,132.998,124.4,129.6
JG,2021-02-18,124.2,128.702,117.8,126.0
JG,2021-02-19,125.4,130.398,124.2,127.0
JG,2021-02-22,124.2,124.8,112.6,112.8
JG,2021-02-23,117.0,131.0,103.3,124.6
JG,2021-02-24,118.8,124.8,117.4,120.8
JG,2021-02-25,121.8,122.4,107.6,112.2
JG,2021-02-26,118.0,118.8,105.0,106.8
JG,2021-03-01,111.6,119.4,111.0,116.0
JG,2021-03-02,125.0,129.36,117.4,119.2
JG,2021-03-03,122.8,124.0,113.0,114.0
JG,2021-03-04,110.8,113.8,94.0,97.4
JG,2021-03-05,100.0,100.892,84.0,95.8
JG,2021-03-08,93.2,96.598,88.4,90.6
JG,2021-03-09,94.25,110.0,92.484,107.2
JG,2021-03-10,110.6,110.6,97.6,108.6
JG,2021-03-11,112.0,115.0,105.2,109.8
JG,2021-03-12,107.8,113.4,104.2,112.0
JG,2021-03-15,114.0,128.4,111.2,125.4
JG,2021-03-16,126.5,127.0,116.0,119.0
JG,2021-03-17,115.0,128.2,112.2,125.6
JG,2021-03-18,129.2,133.1,112.1,113.0
JG,2021-03-19,111.9,112.0,105.2,106.6
JG,2021-03-22,106.698,107.6,102.8,104.0
JG,2021-03-23,103.1,104.6,94.4,95.6
JG,2021-03-24,95.2,96.5,87.2,87.4
JG,2021-03-25,83.2,88.8,82.0,87.6
JG,2021-03-26,86.6,87.352,79.0,85.0
JG,2021-03-29,84.0,85.6,79.6,80.6
JG,2021-03-30,82.8,84.798,78.8,84.0
JG,2021-03-31,84.4,85.16,81.6,84.6
JG,2021-04-01,86.4,91.0,84.8,86.0
JG,2021-04-05,87.2,87.6,81.0,82.8
JG,2021-04-06,81.2,85.6,80.0,83.2
JG,2021-04-07,82.4,83.4,80.6,81.6
JG,2021-04-08,82.0,86.2,80.6,86.2
JG,2021-04-09,83.4,84.306,79.6,79.8
JG,2021-04-12,80.2,80.8,69.6,69.8
JG,2021-04-13,70.8,72.6,68.4,71.6
JG,2021-04-14,72.4,73.8,69.2,70.4
JG,2021-04-15,71.2,72.4,69.4,70.4
JG,2021-04-16,70.2,71.6,64.4,67.2
JG,2021-04-19,67.2,67.8,62.6,65.6
JG,2021-04-20,64.0,66.2,62.4,64.2
JG,2021-04-21,64.0,67.8,62.8,67.4
JG,2021-04-22,67.0,70.0,66.6,67.6
JG,2021-04-23,68.0,69.6,67.4,69.0
JG,2021-04-26,68.6,74.2,68.6,73.8
JG,2021-04-27,73.2,74.0,70.0,70.4
JG,2021-04-28,75.656,91.202,75.0,84.2
JG,2021-04-29,80.1,82.2,72.2,72.2
JG,2021-04-30,70.2,75.0,70.0,70.6
JG,2021-05-03,70.742,71.6,66.6,67.2
JG,2021-05-04,67.0,69.0,64.4,65.8
JG,2021-05-05,69.6,70.2,65.0,65.4
JG,2021-05-06,65.8,66.0,61.0,62.0
JG,2021-05-07,63.2,65.8,62.2,63.0
JG,2021-05-10,63.0,63.2,57.1,57.4
JG,2021-05-11,52.8,60.0,52.6,59.0
JG,2021-05-12,57.4,59.0,55.0,55.6
JG,2021-05-13,56.6,59.0,52.2,53.6
JG,2021-05-14,52.0,57.0,51.2,56.4
JG,2021-05-17,58.0,58.0,55.0,57.6
JG,2021-05-18,59.6,63.6,59.4,61.2
JG,2021-05-19,59.0,61.5,57.6,60.6
JG,2021-05-20,61.6,62.2,60.2,62.0
JG,2021-05-21,62.8,63.0,60.6,60.8
JG,2021-05-24,61.2,61.8,58.6,58.8
JG,2021-05-25,59.6,61.0,59.4,60.0
JG,2021-05-26,60.6,64.854,60.0,64.2
JG,2021-05-27,65.6,66.8,62.4,65.8
JG,2021-05-28,66.8,67.5,64.8,66.0
JG,2021-06-01,66.2,70.0,66.0,68.8
JG,2021-06-02,68.2,68.8,65.6,67.4
JG,2021-06-03,66.2,67.004,64.2,65.6
JG,2021-06-04,65.8,70.0,65.4,68.4
JG,2021-06-07,68.0,69.2,66.0,67.8
JG,2021-06-08,68.2,69.6,66.2,69.2
JG,2021-06-09,70.0,71.4,67.8,67.8
JG,2021-06-10,67.97,68.6,60.2,60.6
JG,2021-06-11,63.0,66.0,61.8,63.2
JG,2021-06-14,63.4,64.4,61.4,61.6
JG,2021-06-15,61.6,62.8,59.3,60.4
JG,2021-06-16,59.6,64.0,59.6,63.0
JG,2021-06-17,62.6,64.1,61.4,62.2
JG,2021-06-18,62.0,62.4,59.4,60.0
JG,2021-06-21,60.0,60.6,57.8,58.0
JG,2021-06-22,58.0,62.4,57.6,61.0
JG,2021-06-23,60.4,61.9,59.2,61.0
JG,2021-06-24,62.6,66.4,62.4,66.0
JG,2021-06-25,65.4,67.0,64.2,64.4
JG,2021-06-28,64.8,66.0,64.4,65.6
JG,2021-06-29,65.8,66.6,63.4,65.8
JG,2021-06-30,64.8,66.0,63.068,65.0
JG,2021-07-01,65.8,72.0,65.2,66.2
JG,2021-07-02,65.6,66.0,62.2,62.6
JG,2021-07-06,60.0,61.398,59.164,59.4
JG,2021-07-07,60.4,60.4,55.7,56.4
JG,2021-07-08,54.2,55.614,52.4,54.2
JG,2021-07-09,54.8,58.0,53.404,56.0
JG,2021-07-12,56.0,57.2,53.602,54.4
JG,2021-07-13,54.0,55.2,53.0,53.4
JG,2021-07-14,54.0,54.6,51.0,51.2
JG,2021-07-15,52.4,55.0,51.2,55.0
JG,2021-07-16,55.2,57.0,52.8,54.0
JG,2021-07-19,53.2,56.0,52.0,55.2
JG,2021-07-20,54.2,55.0,51.6,53.8
JG,2021-07-21,53.8,55.4,52.6,55.2
JG,2021-07-22,55.4,57.4,51.6,52.8
JG,2021-07-23,50.4,51.6,46.6,46.6
JG,2021-07-26,41.8,46.6,41.8,45.4
JG,2021-07-27,44.4,45.402,42.0,42.8
JG,2021-07-28,44.0,47.4,43.8,46.8
JG,2021-07-29,47.4,48.6,45.8,46.8
JG,2021-07-30,45.8,47.8,45.2,46.2
JG,2021-08-02,46.6,49.8,46.0,48.8
JG,2021-08-03,48.0,48.254,46.0,46.6
JG,2021-08-04,47.4,48.4,45.8,46.4
JG,2021-08-05,46.0,47.7,45.2,47.4
JG,2021-08-06,47.4,49.0,45.0,46.8
JG,2021-08-09,47.4,48.3,46.05,47.8
JG,2021-08-10,48.0,48.6,45.6,47.4
JG,2021-08-11,46.6,46.8,44.4,45.8
JG,2021-08-12,45.4,45.8,43.8,44.0
JG,2021-08-13,44.0,45.0,40.6,41.0
JG,2021-08-16,41.0,41.0,37.2,38.8
JG,2021-08-17,38.0,38.6,37.0,37.8
JG,2021-08-18,38.0,40.4,37.6,38.6
JG,2021-08-19,38.0,39.2,37.8,39.0
JG,2021-08-20,38.8,40.6,38.2,39.4
JG,2021-08-23,39.6,40.6,38.6,39.6
JG,2021-08-24,41.0,43.398,40.2,42.2
JG,2021-08-25,41.2,42.0,40.8,41.0
JG,2021-08-26,41.6,42.4,40.8,41.4
JG,2021-08-27,41.2,41.2,39.2,40.2
JG,2021-08-30,41.0,41.0,37.8,40.2
JG,2021-08-31,40.8,41.8,39.7,41.8
JG,2021-09-01,42.0,42.8,40.7,41.0
JG,2021-09-02,43.6,53.2,43.2,47.2
JG,2021-09-03,49.2,49.6,44.0,45.0
JG,2021-09-07,46.6,48.02,44.6,46.6
JG,2021-09-08,47.2,48.2,41.8,42.6
JG,2021-09-09,41.8,43.6,40.8,41.8
JG,2021-09-10,42.0,42.8,38.0,38.4
JG,2021-09-13,40.4,40.4,38.44,39.4
JG,2021-09-14,40.2,40.4,36.654,37.4
JG,2021-09-15,38.4,38.6,34.8,35.8
JG,2021-09-16,35.4,38.8,35.19,37.2
JG,2021-09-17,38.2,38.8,36.8,37.8
JG,2021-09-20,35.4,36.8,34.6,34.9
JG,2021-09-21,35.2,36.2,34.2,35.2
JG,2021-09-22,35.6,36.2,34.6,36.0
JG,2021-09-23,36.2,37.0,34.2,35.8
JG,2021-09-24,35.0,36.0,34.4,35.6
JG,2021-09-27,35.4,36.926,35.0,35.4
JG,2021-09-28,35.0,36.2,33.6,34.2
JG,2021-09-29,34.0,34.6,33.0,33.2
JG,2021-09-30,33.2,34.8,32.8,33.4
JG,2021-10-01,33.6,34.6,32.8,33.2
JG,2021-10-04,33.2,34.2,32.0,32.4
JG,2021-10-05,32.6,33.6,32.2,32.2
JG,2021-10-06,32.0,33.2,31.6,32.2
JG,2021-10-07,32.8,34.0,32.0,32.4
JG,2021-10-08,32.8,33.4,32.4,32.6
JG,2021-10-11,33.2,33.6,31.0,31.1
JG,2021-10-12,31.8,32.0,30.4,31.4
JG,2021-10-13,31.8,32.6,31.4,31.8
JG,2021-10-14,31.6,32.138,30.6,31.2
JG,2021-10-15,31.2,32.0,29.8,30.4
JG,2021-10-18,31.0,31.8,30.0,30.6
JG,2021-10-19,31.4,33.0,31.4,33.0
JG,2021-10-20,33.4,34.6,32.4,34.4
JG,2021-10-21,34.0,34.8,32.3,32.8
JG,2021-10-22,33.0,33.2,31.0,31.2
JG,2021-10-25,31.2,32.2,30.4,31.6
JG,2021-10-26,31.8,32.2,30.0,30.8
JG,2021-10-27,30.6,31.4,30.0,30.8
JG,2021-10-28,30.4,31.454,29.6,29.8
JG,2021-10-29,29.6,30.2,28.8,29.4
JG,2021-11-01,29.2,32.84,29.2,31.8
JG,2021-11-02,31.2,31.6,29.8,29.8
JG,2021-11-03,30.2,30.4,29.6,30.0
JG,2021-11-04,30.2,30.4,29.7,30.0
JG,2021-11-05,29.8,30.4,29.2,29.6
JG,2021-11-08,30.0,30.2,29.5,30.0
JG,2021-11-09,30.0,30.1,29.3,30.0
JG,2021-11-10,29.8,30.5,29.2,29.4
JG,2021-11-11,29.6,30.2,29.022,29.4
JG,2021-11-12,29.4,30.2,29.2,30.0
JG,2021-11-15,30.2,30.2,29.6,29.6
JG,2021-11-16,29.6,30.0,29.6,30.0
JG,2021-11-17,30.2,36.2,29.946,31.2
JG,2021-11-18,33.6,34.2,29.6,30.2
JG,2021-11-19,30.8,30.8,29.2,29.4
JG,2021-11-22,30.6,33.0,29.708,30.8
JG,2021-11-23,32.4,32.4,28.0,28.2
JG,2021-11-24,29.2,29.404,28.0,28.2
JG,2021-11-26,28.0,28.3,27.6,28.0
JG,2021-11-29,28.2,28.8,28.0,28.4
JG,2021-11-30,28.6,29.912,28.2,28.4
JG,2021-12-01,28.4,28.8,24.7,25.2
JG,2021-12-02,25.4,26.036,20.8,21.8
JG,2021-12-03,22.2,23.0,20.6,21.0
JG,2021-12-06,21.2,23.26,20.398,22.6
JG,2021-12-07,23.4,24.6,22.8,24.0
JG,2021-12-08,23.8,25.2,23.2,24.8
JG,2021-12-09,24.4,25.2,24.0,24.6
JG,2021-12-10,24.4,24.4,23.4,24.0
JG,2021-12-13,23.2,23.5,22.4,22.6
JG,2021-12-14,22.2,23.8,22.0,23.2
JG,2021-12-15,22.6,22.802,21.0,22.4
JG,2021-12-16,22.2,22.8,20.6,21.0
JG,2021-12-17,20.6,22.2,20.4,21.2
JG,2021-12-20,20.8,21.0,20.0,20.2
JG,2021-12-21,20.2,21.4,20.2,21.2
JG,2021-12-22,20.6,23.0,20.4,21.8
JG,2021-12-23,21.0,23.2,21.0,22.6
JG,2021-12-27,22.2,22.8,20.6,20.6
JG,2021-12-28,21.6,21.6,19.0,19.794
JG,2021-12-29,19.7,20.4,19.2,20.2
JG,2021-12-30,19.6,21.4,19.6,21.4
JG,2021-12-31,21.4,21.428,20.4,20.8
JG,2022-01-03,21.4,21.4,19.9578,21.4
JG,2022-01-04,20.6,21.2,20.2,20.8
JG,2022-01-05,21.0,21.8,20.0,20.2
JG,2022-01-06,20.2,20.8,19.5,19.648
JG,2022-01-07,18.866,19.624,18.02,18.95
JG,2022-01-10,18.6,18.8,18.094,18.374
JG,2022-01-11,18.2,20.0,18.1,19.386
JG,2022-01-12,19.776,20.4,19.2,19.89
JG,2022-01-13,19.572,19.8,19.0,19.034
JG,2022-01-14,18.8,19.4,18.46,19.046
JG,2022-01-18,18.556,19.28,18.4,18.588
JG,2022-01-19,18.442,19.322,18.402,18.642
JG,2022-01-20,19.052,20.2,18.702,19.512
JG,2022-01-21,19.6,19.6,18.4,18.964
JG,2022-01-24,18.4,18.4,15.772,16.598
JG,2022-01-25,17.4,17.6,16.078,17.096
JG,2022-01-26,17.2,17.202,15.416,15.752
JG,2022-01-27,15.78,16.0,15.21,15.78
JG,2022-01-28,15.8,16.0,15.002,15.8
JG,2022-01-31,15.8,17.8,15.8,17.656
JG,2022-02-01,17.6,18.94,17.4,18.6
JG,2022-02-02,18.0,19.6,18.0,18.202
JG,2022-02-03,18.4,19.1,17.012,17.938
JG,2022-02-04,17.6,18.7,17.6,18.6
JG,2022-02-07,18.318,19.1,18.318,18.84
JG,2022-02-08,18.6,19.0,17.8,19.0
JG,2022-02-09,19.0,21.0,19.0,20.6
JG,2022-02-10,19.8,21.6,19.8,20.6
JG,2022-02-11,21.6,21.6,20.0,20.4
JG,2022-02-14,20.4,21.2,19.01,20.4
JG,2022-02-15,20.8,21.4,20.6,21.2
JG,2022-02-16,21.4,22.0,20.8,21.6
JG,2022-02-17,21.2,23.57,21.2,22.4
JG,2022-02-18,23.0,23.6,20.6,21.4
JG,2022-02-22,21.2,21.8,20.2,21.8
JG,2022-02-23,22.2,22.2,20.4,21.0
JG,2022-02-24,18.6,22.4,18.0,21.8
JG,2022-02-25,22.4,23.6,22.4,23.0
JG,2022-02-28,23.0,25.308,22.8,24.4
JG,2022-03-01,25.8,27.6,24.4,27.4
JG,2022-03-02,27.0,27.0,25.0,26.0
JG,2022-03-03,27.0,27.8,23.2,26.4
JG,2022-03-04,26.2,28.4,24.188,24.8
JG,2022-03-07,24.0,24.6,21.0,21.8
JG,2022-03-08,21.4,23.0,21.3,22.1
JG,2022-03-09,21.6,23.2,21.6,22.4
JG,2022-03-10,21.8,22.8,20.4,21.2
JG,2022-03-11,21.0,21.562,19.2,19.294
JG,2022-03-14,19.184,19.8,15.8,16.232
JG,2022-03-15,16.202,16.988,15.166,15.444
JG,2022-03-16,18.2,18.5,17.02,17.296
JG,2022-03-17,17.922,18.8,17.32,18.196
JG,2022-03-18,18.142,21.8,18.142,21.0
JG,2022-03-21,20.6,21.8,20.0,21.4
JG,2022-03-22,21.6,22.6,20.2,20.4
JG,2022-03-23,21.0,23.4,21.0,22.0
JG,2022-03-24,21.8,22.6,21.4,22.4
JG,2022-03-25,22.4,22.4,21.2,22.0
JG,2022-03-28,21.8,22.2,21.2,21.4
JG,2022-03-29,21.8,22.6,21.6,22.0
JG,2022-03-30,21.8,22.6,21.4,22.0
JG,2022-03-31,23.0,23.0,21.4,22.0
JG,2022-04-01,22.8,22.8,21.2,22.2
JG,2022-04-04,23.0,24.0,21.882,23.8
JG,2022-04-05,23.6,23.6,22.0,22.8
JG,2022-04-06,22.4,22.8,21.8,22.4
JG,2022-04-07,22.0,22.6,21.4,21.8
JG,2022-04-08,21.4,22.8,21.4,22.2
JG,2022-04-11,20.6,22.0,20.6,21.4
JG,2022-04-12,21.6,21.8,20.4,20.8
JG,2022-04-13,21.8,21.8,20.6,21.2
JG,2022-04-14,21.0,21.6,20.8,21.2
JG,2022-04-18,21.2,21.766,20.2,21.0
JG,2022-04-19,21.0,22.0,20.604,21.4
JG,2022-04-20,22.4,22.6,19.216,21.0
JG,2022-04-21,19.6,21.0,19.6,20.6
JG,2022-04-22,19.4,20.2,18.2,19.52
JG,2022-04-25,19.372,19.372,16.5,17.0
JG,2022-04-26,17.0,17.848,15.4,16.02
JG,2022-04-27,16.6,17.6,16.2,16.746
JG,2022-04-28,17.0,17.1997,15.604,16.522
JG,2022-04-29,17.4,17.6,16.4,16.8
JG,2022-05-02,16.478,17.62,16.4,17.0
JG,2022-05-03,16.894,17.8,16.7,17.03
JG,2022-05-04,16.8,17.28,16.6,17.178
JG,2022-05-05,16.744,16.789,15.4,16.32
JG,2022-05-06,16.4,17.594,15.6,16.388
JG,2022-05-09,15.896,16.8,15.0,16.2
JG,2022-05-10,16.2,17.2,15.66,16.8004
JG,2022-05-11,16.6,17.2,15.2,17.0
JG,2022-05-12,16.2,16.806,15.498,16.802
JG,2022-05-13,16.702,20.802,16.6,20.8
JG,2022-05-16,19.178,20.4,17.38,20.4
JG,2022-05-17,20.2,20.8,19.012,20.4
JG,2022-05-18,20.6,21.6,19.2,19.958
JG,2022-05-19,20.6,21.4,20.2,21.0
JG,2022-05-20,20.8,21.4,20.4,20.8
JG,2022-05-23,20.6,21.4,19.8,21.2
JG,2022-05-24,20.8,21.8,20.0,21.8
JG,2022-05-25,21.2,22.0,20.8,21.4
JG,2022-05-26,21.2,21.6,20.0,20.2
JG,2022-05-27,20.2,21.2,19.4,21.2
JG,2022-05-31,21.6,22.4,20.0,21.4
JG,2022-06-01,21.6,21.6,20.6,21.4
JG,2022-06-02,21.2,22.0,21.2,22.0
JG,2022-06-03,22.0,22.6,20.8,21.2
JG,2022-06-06,21.8,22.0,21.4,21.5
JG,2022-06-07,21.4,22.4,21.2,22.2
JG,2022-06-08,22.4,23.8,22.4,23.3
JG,2022-06-09,21.4,22.2,19.01,20.2
JG,2022-06-10,20.6,21.2,20.0,20.6
JG,2022-06-13,20.0,20.6,19.2,20.0
JG,2022-06-14,20.0,22.0,20.0,21.4
JG,2022-06-15,21.0,22.6,20.8,21.8
JG,2022-06-16,20.8,21.0,19.2,20.4
JG,2022-06-17,20.8,21.8,19.732,21.0
JG,2022-06-21,21.2,23.2,20.8,21.6
JG,2022-06-22,21.6,22.6,20.2,22.0
JG,2022-06-23,21.6,22.4,21.2,21.8
JG,2022-06-24,21.4,22.4,21.0,21.4
JG,2022-06-27,22.0,22.0,21.2,22.0
JG,2022-06-28,21.8,22.0,20.4,21.8
JG,2022-06-29,22.0,22.798,20.0,20.4
JG,2022-06-30,20.4,22.0,20.0,21.2
JG,2022-07-01,21.2,21.4,20.2,21.0
JG,2022-07-05,20.2,21.2,18.6,20.2
JG,2022-07-06,20.0,21.0,18.828,19.59
JG,2022-07-07,19.0,20.0,18.6,19.35
JG,2022-07-08,20.6,20.6,18.734,19.598
JG,2022-07-11,18.9,20.0,18.8,19.2
JG,2022-07-12,19.2,20.2,18.45,18.804
JG,2022-07-13,18.65,19.56,18.2,18.8
JG,2022-07-14,18.706,19.6,18.202,19.0
JG,2022-07-15,18.268,19.174,18.0,18.396
JG,2022-07-18,18.02,18.792,18.0,18.5
JG,2022-07-19,18.5,18.6,17.8,18.198
JG,2022-07-20,18.4,18.4,18.0,18.286
JG,2022-07-21,18.284,18.4,17.96,18.37
JG,2022-07-22,18.3,18.44,17.8,18.258
JG,2022-07-25,18.0,19.6,17.6,18.93
JG,2022-07-26,18.8,19.2,18.204,18.6
JG,2022-07-27,18.6,20.6,18.424,20.0
JG,2022-07-28,19.6,20.0,19.008,19.648
JG,2022-07-29,19.308,20.0,18.602,18.8
JG,2022-08-01,18.612,19.2,17.6,18.712
JG,2022-08-02,18.4,19.134,17.806,18.622
JG,2022-08-03,18.62,20.6,18.202,19.998
JG,2022-08-04,20.0,20.0,18.81,19.0
JG,2022-08-05,18.8,19.398,18.8,19.358
JG,2022-08-08,18.974,19.6,18.4,19.4
JG,2022-08-09,19.4,19.8,18.804,19.8
JG,2022-08-10,19.8,20.8,18.724,20.8
JG,2022-08-11,20.8,20.8,20.0,20.2
JG,2022-08-12,20.2,20.8,20.2,20.4
JG,2022-08-15,20.8,20.8,18.226,19.28
JG,2022-08-16,18.6,19.356,18.2,18.6
JG,2022-08-17,18.8,19.8,18.016,18.798
JG,2022-08-18,18.411,18.976,18.4,18.79
JG,2022-08-19,18.42,18.6,18.0,18.082
JG,2022-08-22,18.106,18.972,16.2,17.2
JG,2022-08-23,18.0,18.0,16.4,17.764
JG,2022-08-24,18.0,18.0,16.6,17.152
JG,2022-08-25,17.152,18.0,17.0,17.798
JG,2022-08-26,17.8,18.2,17.57,17.778
JG,2022-08-29,17.4,18.438,17.4,17.998
JG,2022-08-30,17.6918,18.0,17.424,17.698
JG,2022-08-31,17.8,18.0,17.202,17.8
JG,2022-09-01,17.4,17.962,17.2,17.596
JG,2022-09-02,17.6,17.776,17.284,17.308
JG,2022-09-06,17.3,17.998,17.2,17.72
JG,2022-09-07,17.2,17.8,17.2,17.8
JG,2022-09-08,18.2,18.766,17.32,17.41
JG,2022-09-09,18.0,18.4,17.5,17.564
JG,2022-09-12,17.2,18.4,17.2,18.16
JG,2022-09-13,17.8,18.32,17.602,17.9
JG,2022-09-14,17.9,18.3,17.402,18.2
JG,2022-09-15,18.6,18.8,17.4,18.4
JG,2022-09-16,18.4,18.4,17.004,17.98
JG,2022-09-19,16.604,18.8,16.604,18.396
JG,2022-09-20,17.8,20.0,17.352,19.8
JG,2022-09-21,19.996,21.0,18.386,19.992
JG,2022-09-22,20.4,21.2,19.2,21.0
JG,2022-09-23,20.8,20.8,18.802,20.6
JG,2022-09-26,20.8,21.0,19.2,20.4
JG,2022-09-27,20.4,21.0,19.208,19.896
JG,2022-09-28,19.8,20.8,19.6,20.0
JG,2022-09-29,20.0,20.0,19.6,20.0
JG,2022-09-30,20.0,20.0,18.8,19.794
JG,2022-10-03,19.4,20.0,19.2,19.204
JG,2022-10-04,19.8,20.0,19.3,19.302
JG,2022-10-05,20.0,20.2,19.402,20.0
JG,2022-10-06,19.8,20.0,19.4,19.98
JG,2022-10-07,20.0,20.0,18.464,18.8
JG,2022-10-10,18.6,18.8,18.0,18.6
JG,2022-10-11,17.8,18.8,17.402,17.402
JG,2022-10-12,17.458,17.458,17.202,17.202
JG,2022-10-13,18.6,18.6,17.6,18.1
JG,2022-10-14,18.1,18.2,17.6,18.0
JG,2022-10-17,17.8,18.2,17.254,17.928
JG,2022-10-18,18.5,18.5,18.202,18.398
JG,2022-10-19,18.5,18.5,17.202,18.2
JG,2022-10-20,18.4,18.494,17.4,18.4
JG,2022-10-21,18.0,18.4,17.3,18.398
JG,2022-10-24,17.8,17.8,15.602,17.1
JG,2022-10-25,17.1,18.4,17.1,17.8
JG,2022-10-26,17.8,18.596,17.332,18.008
JG,2022-10-27,18.06,18.2,17.4,18.0
JG,2022-10-28,18.0,18.4,17.0,17.798
JG,2022-10-31,17.0,18.0,17.0,17.61
JG,2022-11-01,18.6,18.6,17.0,18.0
JG,2022-11-02,18.4,18.4,17.202,17.998
JG,2022-11-03,17.996,17.996,16.5,17.2
JG,2022-11-04,18.0,18.8,16.6,17.2
JG,2022-11-07,18.0,18.0,16.85,17.878
JG,2022-11-08,18.0,20.4,17.0,20.0
JG,2022-11-09,19.0,20.8,16.802,20.6
JG,2022-11-10,20.0,20.0,17.802,17.804
JG,2022-11-11,18.58,18.58,17.622,18.538
JG,2022-11-14,18.474,18.474,17.8,17.864
JG,2022-11-15,18.198,18.424,17.884,18.4
JG,2022-11-16,18.0,18.142,17.4,17.8
JG,2022-11-17,18.0,18.2,17.414,18.2
JG,2022-11-18,18.2,18.2,17.252,17.4
JG,2022-11-21,17.4,17.99,17.2,17.32
JG,2022-11-22,17.2,17.976,17.2,17.976
JG,2022-11-23,17.202,18.196,17.1,17.87
JG,2022-11-25,17.78,17.78,17.2,17.6
JG,2022-11-28,17.6,17.6,17.2,17.422
JG,2022-11-29,17.422,17.6,17.0,17.596
JG,2022-11-30,17.6,17.6,17.002,17.48
JG,2022-12-01,17.6,18.2,17.1,18.0
JG,2022-12-02,18.0,18.0,17.2,17.8
JG,2022-12-05,17.8,18.0,17.4,18.0
JG,2022-12-06,18.0,18.198,17.4,18.142
JG,2022-12-07,18.0,18.002,17.4,18.0
JG,2022-12-08,17.42,17.956,17.012,17.366
JG,2022-12-09,17.6,17.6,17.0,17.394
JG,2022-12-12,17.4,17.4,16.8,17.2
JG,2022-12-13,17.2,17.4,17.2,17.4
JG,2022-12-14,16.9,18.0,16.9,17.202
JG,2022-12-15,17.2,17.8,17.004,17.398
JG,2022-12-16,17.4,17.8,17.2,17.502
JG,2022-12-19,17.502,18.0,16.85,17.2
JG,2022-12-20,17.0,17.9,16.894,17.4
JG,2022-12-21,17.6,18.0,17.2,17.6
JG,2022-12-22,17.4,17.882,16.82,17.0
JG,2022-12-23,17.6,17.6,16.6,16.998
JG,2022-12-27,17.0,17.0,15.82,15.82
JG,2022-12-28,15.8,16.402,15.004,15.0361
JG,2022-12-29,15.8,15.802,14.134,14.998
JG,2022-12-30,14.546,14.546,12.038,12.808
JG,2023-01-03,12.508,13.8,12.508,13.2
JG,2023-01-04,14.0,14.954,13.392,13.88
JG,2023-01-05,14.02,15.58,14.0,14.502
JG,2023-01-06,14.75,15.126,14.34,14.998
JG,2023-01-09,14.998,16.0,14.56,15.3
JG,2023-01-10,15.3,16.002,14.852,15.796
JG,2023-01-11,15.5,16.046,14.024,14.998
JG,2023-01-12,15.0,15.498,14.4,15.498
JG,2023-01-13,15.0,16.3,14.5,15.2
JG,2023-01-17,15.4,15.6,14.8,14.85
JG,2023-01-18,15.086,15.626,14.86,15.0
JG,2023-01-19,14.93,15.097,14.8,14.926
JG,2023-01-20,14.8,15.72,14.8,14.804
JG,2023-01-23,15.2,15.2,14.4,15.2
JG,2023-01-24,15.2,15.2,14.7,15.0
JG,2023-01-25,15.0,15.0,14.6,15.0
JG,2023-01-26,15.0,15.56,14.9,15.016
JG,2023-01-27,15.0,15.6,14.608,15.326
JG,2023-01-30,14.542,15.2,14.4,15.102
JG,2023-01-31,14.8,15.0,14.8,14.802
JG,2023-02-01,15.2,15.4,14.802,15.078
JG,2023-02-02,15.0,16.4,15.0,15.6
JG,2023-02-03,15.01,16.2,15.01,16.0
JG,2023-02-06,15.4,16.4,15.212,15.814
JG,2023-02-07,15.21,16.0,14.81,16.0
JG,2023-02-08,19.582,19.6,15.8,16.79
JG,2023-02-09,16.518,16.598,14.7,15.0
JG,2023-02-10,15.0,15.33,13.6,15.318
JG,2023-02-13,15.2,15.2,14.232,14.4
JG,2023-02-14,14.4,14.4,13.744,13.746
JG,2023-02-15,14.186,14.5,14.0,14.0
JG,2023-02-16,14.38,14.398,13.62,13.996
JG,2023-02-17,13.71,13.992,13.2,13.912
JG,2023-02-21,14.31,14.4,13.6,13.8
JG,2023-02-22,13.62,14.29,13.602,14.0
JG,2023-02-23,14.018,14.196,13.616,13.932
JG,2023-02-24,13.188,14.18,13.188,13.416
JG,2023-02-27,13.4,13.66,12.706,12.8
JG,2023-02-28,12.802,13.6,12.642,12.9
JG,2023-03-01,12.62,14.0,12.62,13.488
JG,2023-03-02,13.8,13.8,12.822,13.028
JG,2023-03-03,13.598,14.0,13.0,13.394
JG,2023-03-06,13.394,13.394,12.8,13.382
JG,2023-03-07,12.8,13.0,12.7,12.754
JG,2023-03-08,13.2,13.2,12.752,13.07
JG,2023-03-09,13.202,14.348,12.606,12.816
JG,2023-03-10,12.66,12.667,12.3,12.352
JG,2023-03-13,12.212,12.36,11.74,12.0
JG,2023-03-14,11.2,12.0,11.2,11.876
JG,2023-03-15,11.298,12.2,10.424,12.2
JG,2023-03-16,11.2,12.2,11.2,11.932
JG,2023-03-17,11.6,12.4,11.5,12.244
JG,2023-03-20,11.8,12.6,11.596,12.275
JG,2023-03-21,12.2,12.8,12.0,12.8
JG,2023-03-22,12.4,12.796,12.016,12.796
JG,2023-03-23,12.4,12.6,11.802,12.4
JG,2023-03-24,12.17,12.8,12.0,12.55
JG,2023-03-27,12.2,12.6,11.6,12.0
JG,2023-03-28,12.0,12.0,11.54,11.8
JG,2023-03-29,11.8,12.008,11.54,11.6
JG,2023-03-30,11.4,12.0,11.4,11.6
JG,2023-03-31,11.416,12.0,11.21,11.7
JG,2023-04-03,11.41,11.9856,11.21,11.4
JG,2023-04-04,11.426,11.428,10.0,10.9549
JG,2023-04-05,10.51,10.804,10.234,10.602
JG,2023-04-06,11.0,11.0,10.0,10.04
JG,2023-04-10,10.4,10.508,10.302,10.302
JG,2023-04-11,10.316,10.316,9.6,9.8628
JG,2023-04-12,9.504,9.804,8.246,8.44
JG,2023-04-13,8.6,8.998,8.2,8.594
JG,2023-04-14,8.184,8.6,8.184,8.392
JG,2023-04-17,9.0,9.0,8.0,8.24202
JG,2023-04-18,8.2,8.844,8.2,8.602
JG,2023-04-19,8.4,8.85,8.4,8.7
JG,2023-04-20,8.404,9.0,8.404,8.602
JG,2023-04-21,8.21,8.80098,8.21,8.47
JG,2023-04-24,8.47,8.9,8.21,8.32
JG,2023-04-25,8.276,8.94,8.2,8.298
JG,2023-04-26,8.298,8.4,8.2,8.328
JG,2023-04-27,8.33,8.8,8.2,8.4
JG,2023-04-28,8.6,8.6,7.512,7.94
JG,2023-05-01,8.0,8.196,7.61,7.898
JG,2023-05-02,7.7,8.044,7.61,7.64
JG,2023-05-03,7.64,8.0,7.4,7.44
JG,2023-05-04,7.414,7.776,7.2,7.292
JG,2023-05-05,7.21,7.4,6.902,6.906
JG,2023-05-08,7.0,7.088,6.822,6.98
JG,2023-05-09,7.0,7.08,6.822,7.08
JG,2023-05-10,7.0,7.08,6.902,6.99998
JG,2023-05-11,7.4,7.554,7.0,7.0
JG,2023-05-12,7.2,7.2,6.824,6.824
JG,2023-05-15,7.0,7.35,6.804,7.002
JG,2023-05-16,6.606,7.14,6.606,6.862
JG,2023-05-17,6.9,7.2,6.8,6.95
JG,2023-05-18,6.95,6.95,6.802,6.89648
JG,2023-05-19,6.804,6.896,6.346,6.622
JG,2023-05-22,6.622,6.962,6.622,6.662
JG,2023-05-23,6.662,6.67,6.62,6.646
JG,2023-05-24,6.618,6.634,6.324,6.382
JG,2023-05-25,6.4,6.4,6.2,6.212
JG,2023-05-26,7.328,7.328,5.8,6.2
JG,2023-05-30,6.142,6.142,5.602,5.97
JG,2023-05-31,5.802,6.298,5.4,6.2
JG,2023-06-01,6.0,6.398,5.84,6.01
JG,2023-06-02,6.0,6.5,5.92,6.076
JG,2023-06-05,5.904,5.904,5.828,5.904
JG,2023-06-06,6.0,6.16,5.8,5.96
JG,2023-06-07,6.12,6.12,6.0,6.056
JG,2023-06-08,6.2,6.39798,5.8,5.852
JG,2023-06-09,5.8,6.1,5.602,5.858
JG,2023-06-12,6.006,6.16,5.722,6.096
JG,2023-06-13,6.112,6.2,5.8,6.0
JG,2023-06-14,6.1,6.202,5.92,6.134
JG,2023-06-15,5.61,5.802,5.4,5.56
JG,2023-06-16,5.76,5.76,4.2,4.498
JG,2023-06-20,4.6,4.91598,4.44,4.508
JG,2023-06-21,4.5,4.778,4.402,4.454
JG,2023-06-22,4.4,4.782,4.4,4.446
JG,2023-06-23,4.4,4.752,4.4,4.66
JG,2023-06-26,4.794,4.898,4.668,4.756
JG,2023-06-27,4.756,4.796,4.7,4.716
JG,2023-06-28,4.76,4.874,4.6,4.752
JG,2023-06-29,4.8,4.92,4.7,4.916
JG,2023-06-30,4.8,5.8,4.8,5.512
JG,2023-07-03,5.774,5.836,5.0,5.41
JG,2023-07-05,5.234,6.126,5.17,6.0
JG,2023-07-06,5.92,6.198,5.412,5.56
JG,2023-07-07,5.838,5.99798,5.5,5.7
JG,2023-07-10,5.8,6.0,5.46,5.625
JG,2023-07-11,5.54,5.79598,5.502,5.582
JG,2023-07-12,5.48,5.76,5.48,5.608
JG,2023-07-13,5.7,5.756,5.528,5.6
JG,2023-07-14,5.68,5.796,5.4,5.402
JG,2023-07-17,5.46,5.64,5.46,5.578
JG,2023-07-18,5.6,5.908,5.402,5.49
JG,2023-07-19,5.738,5.738,5.102,5.558
JG,2023-07-20,5.6,5.6,4.9,5.12
JG,2023-07-21,5.4,5.44,4.904,5.0
JG,2023-07-24,5.24,5.4,4.9,5.0
JG,2023-07-25,5.252,5.252,4.9,4.99
JG,2023-07-26,5.08,5.16,4.8,4.96
JG,2023-07-27,4.94,4.958,4.76,4.88
JG,2023-07-28,4.96,5.002,4.898,4.96
JG,2023-07-31,5.26,5.28,4.98,4.992
JG,2023-08-01,4.994,5.006,4.922,4.975
JG,2023-08-02,5.2,5.202,4.8,4.824
JG,2023-08-03,5.04,5.04,4.86,4.99
JG,2023-08-04,4.9,5.01,4.842,4.998
JG,2023-08-07,5.12,5.12,4.77,4.8
JG,2023-08-08,5.0,5.0,4.76,4.76202
JG,2023-08-09,4.8,4.8,4.6,4.692
JG,2023-08-10,4.754,4.798,4.446,4.446
JG,2023-08-11,4.59798,4.59798,4.274,4.288
JG,2023-08-14,4.284,4.6,4.284,4.304
JG,2023-08-15,4.48,4.70798,3.93602,4.26
JG,2023-08-16,4.342,4.342,3.94,3.98
JG,2023-08-17,3.82,3.998,3.518,3.64
JG,2023-08-18,3.78,3.92,3.608,3.8
JG,2023-08-21,3.796,3.97,3.616,3.686
JG,2023-08-22,3.756,3.872,3.686,3.692
JG,2023-08-23,3.876,3.876,3.74,3.8
JG,2023-08-24,3.9,3.91,3.694,3.694
JG,2023-08-25,3.694,3.798,3.694,3.798
JG,2023-08-28,3.692,3.97686,3.692,3.8
JG,2023-08-29,3.96,3.96,3.62,3.62
JG,2023-08-30,3.8,3.8,3.62002,3.66
JG,2023-08-31,3.7,3.88,3.598,3.598
JG,2023-09-01,3.56,3.66798,3.442,3.442
JG,2023-09-05,3.44,3.536,3.2,3.2
JG,2023-09-06,3.538,3.538,3.32,3.36302
JG,2023-09-07,3.382,3.4,3.378,3.4
JG,2023-09-08,3.4,3.4,3.16202,3.16202
JG,2023-09-11,3.846,3.884,3.15,3.198
JG,2023-09-12,3.19,3.19,2.88,2.998
JG,2023-09-13,3.0,3.16,2.8,2.988
JG,2023-09-14,2.992,2.992,2.72,2.98
JG,2023-09-15,2.98,2.984,2.84202,2.942
JG,2023-09-18,2.814,3.152,2.814,3.12
JG,2023-09-19,2.94,3.398,2.94,3.01
JG,2023-09-20,3.024,3.4,3.024,3.302
JG,2023-09-21,3.196,3.286,3.124,3.124
JG,2023-09-22,3.2,3.4,2.842,2.842
JG,2023-09-25,3.0,3.4,2.944,3.0
JG,2023-09-26,3.14,3.14,2.84,2.856
JG,2023-09-27,2.866,3.13,2.8,2.8
JG,2023-09-28,2.764,3.158,2.6,2.65302
JG,2023-09-29,2.978,2.978,2.6,2.76398
JG,2023-10-02,2.836,2.952,2.61,2.836
JG,2023-10-03,3.0,3.0,2.6,2.66
JG,2023-10-04,2.8,2.916,2.622,2.738
JG,2023-10-05,2.63,2.916,2.63,2.67
JG,2023-10-06,2.672,2.84,2.67,2.75
JG,2023-10-09,2.98,2.98,2.636,2.638
JG,2023-10-10,2.73,2.836,2.6,2.604
JG,2023-10-11,2.44,2.618,2.4,2.504
JG,2023-10-12,2.6,2.794,2.42,2.5
JG,2023-10-13,2.596,2.598,2.4,2.42
JG,2023-10-16,2.596,2.75798,2.52,2.604
JG,2023-10-17,4.054,4.296,2.674,2.76
JG,2023-10-18,2.5,2.52,2.24,2.414
JG,2023-10-19,2.36,2.692,2.2,2.42
JG,2023-10-20,2.3,2.3,2.04,2.16
JG,2023-10-23,2.142,2.222,2.046,2.104
JG,2023-10-24,2.18,2.27,2.1,2.24
JG,2023-10-25,2.276,2.276,2.12,2.134
JG,2023-10-26,2.18,2.25898,2.052,2.222
JG,2023-10-27,2.24,2.47,2.19,2.398
JG,2023-10-30,2.34,2.58,2.34,2.52
JG,2023-10-31,2.52,2.546,2.13,2.32
JG,2023-11-01,2.304,2.322,2.1,2.3
JG,2023-11-02,2.1,2.36,2.1,2.284
JG,2023-11-03,2.24,2.4,2.224,2.32
JG,2023-11-06,2.4,2.4,2.212,2.244
JG,2023-11-07,2.36,2.36,2.1,2.23748
JG,2023-11-08,2.304,2.304,2.17,2.212
JG,2023-11-09,2.18,2.266,2.126,2.19
JG,2023-11-10,2.234,2.24,2.102,2.222
JG,2023-11-13,2.102,2.22,2.102,2.17
JG,2023-11-14,2.2,2.276,2.12602,2.21
JG,2023-11-15,2.26,2.534,2.152,2.42998
JG,2023-11-16,2.45,2.54,2.16,2.16
JG,2023-11-17,2.14,2.26,2.1,2.102
JG,2023-11-20,2.31,2.4,2.108,2.242
JG,2023-11-21,2.256,2.3,2.098,2.16
JG,2023-11-22,2.26,2.3,2.104,2.166
JG,2023-11-24,2.002,2.3,2.002,2.298
JG,2023-11-27,2.344,2.372,2.228,2.32
JG,2023-11-28,2.2,2.32,2.2,2.298
JG,2023-11-29,2.298,2.45,2.2,2.364
JG,2023-11-30,2.24,2.352,2.2,2.208
JG,2023-12-01,2.2,2.26,2.16,2.26
JG,2023-12-04,2.002,2.35,2.002,2.35
JG,2023-12-05,2.39,2.432,2.3,2.398
JG,2023-12-06,2.02,2.398,2.02,2.196
JG,2023-12-07,2.196,2.198,2.04,2.116
JG,2023-12-08,2.1,2.14,2.06,2.078
JG,2023-12-11,1.91,2.07,1.8515,1.96
JG,2023-12-12,1.91,2.55,1.8589,2.48
JG,2023-12-13,2.68,2.8799,1.85,2.04
JG,2023-12-14,2.04,2.07,1.8816,1.95
JG,2023-12-15,1.94,2.015,1.88,1.96
JG,2023-12-18,1.92,1.99,1.9,1.9
JG,2023-12-19,1.89,1.99,1.89,1.96
JG,2023-12-20,1.9484,2.05,1.9484,1.97
JG,2023-12-21,2.02,2.33,2.0,2.1606
JG,2023-12-22,2.27,2.47,2.27,2.35
JG,2023-12-26,2.38,2.47,2.35,2.35
JG,2023-12-27,2.3,2.555,2.3,2.55
JG,2023-12-28,2.56,2.8,2.54,2.74
JG,2023-12-29,2.65,2.898,2.6417,2.8519
JG,2024-01-02,2.89,3.1,2.8516,3.03
JG,2024-01-03,3.09,3.2,2.9284,3.14
JG,2024-01-04,3.16,3.29,3.16,3.2
JG,2024-01-05,3.39,4.15,3.34,4.11
JG,2024-01-08,4.24,4.69,4.1901,4.565
JG,2024-01-09,4.6,4.6,3.32,3.86
JG,2024-01-10,3.7,3.86,3.7,3.72
JG,2024-01-11,3.73,3.9,3.4152,3.67
JG,2024-01-12,3.64,3.68,3.4494,3.59
JG,2024-01-16,3.48,3.48,3.2,3.3
JG,2024-01-17,3.16,3.58,3.1301,3.31
JG,2024-01-18,3.4,3.4196,3.1726,3.2613
JG,2024-01-19,3.3,3.39,3.3,3.39
JG,2024-01-22,3.31,3.62,3.31,3.33
JG,2024-01-23,3.33,3.69,3.33,3.6334
JG,2024-01-24,3.58,4.16,3.58,3.805
JG,2024-01-25,3.98,4.1792,3.45,3.45
JG,2024-01-26,3.63,4.0499,3.6,3.6
JG,2024-01-29,3.45,3.76,3.45,3.66
JG,2024-01-30,3.66,4.15,3.61,4.0
JG,2024-01-31,4.0175,4.0175,3.85,3.91
JG,2024-02-01,4.05,4.0605,3.8324,4.0301
JG,2024-02-02,4.08,4.125,3.94,3.95
JG,2024-02-05,3.93,3.93,3.8,3.81
JG,2024-02-06,3.9249,3.9249,3.6,3.62
JG,2024-02-07,3.6,3.6,3.42,3.42
JG,2024-02-08,3.3,3.5329,3.3,3.5329
JG,2024-02-09,3.3,3.3656,3.25,3.27
JG,2024-02-12,3.2156,3.4547,3.2,3.2
JG,2024-02-13,3.15,3.35,3.15,3.33
JG,2024-02-15,3.04,3.4843,3.04,3.15
JG,2024-02-16,3.27,3.27,3.21,3.21
JG,2024-02-20,2.93,3.2,2.93,3.1252
JG,2024-02-21,3.1,3.1,2.36,2.44
JG,2024-02-22,2.46,2.67,2.32,2.67
JG,2024-02-23,2.53,2.53,2.53,2.53
JG,2024-02-26,2.54,2.976,2.54,2.976
JG,2024-02-27,2.8997,3.115,2.89,2.89
JG,2024-02-28,2.9213,3.035,2.92,2.92
JG,2024-02-29,3.07,3.2731,3.0,3.01
JG,2024-03-01,3.148,3.19,3.01,3.02
JG,2024-03-04,2.92,3.01,2.92,3.01
JG,2024-03-05,3.08,3.1,2.95,2.95
JG,2024-03-06,2.99,3.0937,2.99,3.0158
JG,2024-03-07,3.26,3.31,3.1,3.2
JG,2024-03-11,3.03,3.03,3.03,3.03
JG,2024-03-12,2.96,3.2799,2.96,3.1
JG,2024-03-13,3.27,3.28,2.7,3.0116
JG,2024-03-14,3.19,3.5,3.04,3.25
JG,2024-03-15,3.36,3.36,3.1,3.1
JG,2024-03-18,2.89,3.05,2.89,3.03
JG,2024-03-19,3.09,3.33,3.09,3.25
JG,2024-03-20,3.1107,3.8789,3.1107,3.48
JG,2024-03-21,3.4,3.5699,3.35,3.36
JG,2024-03-22,3.2,3.55,3.2,3.5
JG,2024-03-25,3.24,3.37,2.8,3.0
JG,2024-03-26,3.0,3.27,2.97,3.11
JG,2024-03-27,2.93,3.6,2.9,3.58
JG,2024-03-28,3.4,3.5,3.1866,3.5
JG,2024-04-01,3.3,3.47,3.3,3.47
JG,2024-04-02,3.19,3.22,3.19,3.21
JG,2024-04-03,3.03,3.15,3.03,3.09
JG,2024-04-04,3.05,3.32,3.05,3.32
JG,2024-04-05,3.16,3.1943,3.02,3.1943
JG,2024-04-08,3.1,3.1,3.07,3.07
JG,2024-04-09,3.1,3.29,3.0,3.22
JG,2024-04-10,3.1001,3.2,3.1001,3.14
JG,2024-04-11,3.13,3.13,3.0,3.0001
JG,2024-04-12,3.0,3.105,3.0,3.1
JG,2024-04-15,3.0,3.04,3.0,3.04
JG,2024-04-16,3.02,3.0997,3.0,3.01
JG,2024-04-17,2.96,3.15,2.94,3.0972
JG,2024-04-18,2.92,2.92,2.92,2.92
JG,2024-04-19,2.94,2.94,2.801,2.91
JG,2024-04-22,2.95,3.25,2.95,3.01
JG,2024-04-23,3.14,3.14,3.14,3.14
JG,2024-04-24,3.15,3.15,3.14,3.14
JG,2024-04-25,3.0,3.0,2.99,2.99
JG,2024-04-26,3.01,3.01,3.01,3.01
JG,2024-04-29,3.01,3.13,3.01,3.13
JG,2024-04-30,2.98,3.08,2.9299,2.95
JG,2024-05-02,2.99,3.1,2.95,3.1
JG,2024-05-03,2.9501,3.08,2.9501,3.08
JG,2024-05-06,2.89,3.0,2.8754,2.8754
JG,2024-05-08,2.87,3.1,2.87,3.1
JG,2024-05-09,2.85,3.0425,2.8,2.864
JG,2024-05-10,3.02,3.02,2.8781,2.8781
JG,2024-05-13,2.9,2.97,2.9,2.96
JG,2024-05-14,2.95,3.0,2.9,2.9
JG,2024-05-15,3.01,3.15,2.965,3.15
JG,2024-05-16,3.1,3.2,3.1,3.1999
JG,2024-05-17,3.24,3.24,3.15,3.18
JG,2024-05-20,3.18,3.26,3.12,3.17
JG,2024-05-21,3.19,3.19,3.11,3.11
JG,2024-05-22,3.04,3.04,2.95,2.95
JG,2024-05-23,3.0,3.19,2.98,3.07
JG,2024-05-24,3.15,3.15,3.15,3.15
JG,2024-05-28,3.06,3.21,3.032,3.032
JG,2024-05-29,2.95,3.157,2.95,3.157
JG,2024-05-30,3.0,3.14,2.95,3.14
JG,2024-05-31,3.18,3.18,3.125,3.125
JG,2024-06-03,3.13,3.13,3.13,3.13
JG,2024-06-04,3.09,3.21,3.0,3.06
JG,2024-06-05,3.1,3.1,2.91,2.91
JG,2024-06-06,3.04,3.2,2.92,2.92
JG,2024-06-07,2.975,2.975,2.975,2.975
JG,2024-06-10,2.96,3.2665,2.95,2.9628
JG,2024-06-11,3.0,3.05,3.0,3.05
JG,2024-06-12,2.99,3.2983,2.99,3.155
JG,2024-06-13,2.92,3.23,2.92,3.12
JG,2024-06-14,3.11,3.23,3.11,3.15
JG,2024-06-17,3.1294,3.25,3.129,3.24
JG,2024-06-18,3.21,3.35,3.18,3.18
JG,2024-06-20,3.19,3.3,3.19,3.23
JG,2024-06-21,3.19,3.34,2.9,2.93
JG,2024-06-24,3.12,3.12,2.95,2.95
JG,2024-06-25,2.92,2.93,2.55,2.65
JG,2024-06-26,2.86,2.86,2.65,2.8
JG,2024-06-27,2.59,2.91,2.59,2.91
JG,2024-06-28,2.74,2.88,2.74,2.88
JG,2024-07-01,2.69,2.825,2.66,2.67
JG,2024-07-03,2.8,2.8,2.8,2.8
JG,2024-07-05,2.79,2.8,2.6,2.6
JG,2024-07-08,2.61,2.61,2.5875,2.59
JG,2024-07-09,2.49,2.4901,2.49,2.4901
JG,2024-07-10,2.7,2.7,2.5681,2.5681
JG,2024-07-11,2.56,2.56,2.5267,2.54
JG,2024-07-12,2.5499,2.57,2.5452,2.57
JG,2024-07-15,2.57,2.57,2.57,2.57
JG,2024-07-16,2.3801,2.5699,2.3801,2.5699
JG,2024-07-17,2.63,2.63,2.55,2.55
JG,2024-07-18,2.58,2.58,2.51,2.562
JG,2024-07-19,2.69,2.69,2.69,2.69
JG,2024-07-22,2.68,2.68,2.4992,2.4992
JG,2024-07-23,2.4201,2.48,2.4201,2.48
JG,2024-07-24,2.58,2.5899,2.58,2.5899
JG,2024-07-25,2.5384,2.5384,2.51,2.51
JG,2024-07-26,2.48,2.6813,2.48,2.6813
JG,2024-07-29,2.701,2.942,2.57,2.942
JG,2024-07-30,2.7201,2.94,2.7201,2.94
JG,2024-07-31,2.81,2.8937,2.75,2.75
JG,2024-08-01,2.5397,2.91,2.5397,2.87
JG,2024-08-02,2.795,2.795,2.726,2.7301
JG,2024-08-05,2.81,3.21,2.81,3.06
JG,2024-08-06,3.0601,3.35,3.0,3.25
JG,2024-08-07,3.22,3.3,3.13,3.13
JG,2024-08-08,3.1803,3.1803,3.1803,3.1803
JG,2024-08-12,3.26,4.3,3.26,3.68
JG,2024-08-13,3.72,4.0,3.0801,3.7
JG,2024-08-14,3.69,3.69,3.52,3.57
JG,2024-08-15,3.528,3.6,3.5,3.5
JG,2024-08-16,3.24,3.5,3.24,3.5
JG,2024-08-19,3.58,3.7,3.58,3.58
JG,2024-08-20,3.56,3.576,3.3173,3.455
JG,2024-08-21,3.45,3.71,3.44,3.5985
JG,2024-08-22,3.8,4.1,3.55,3.7
JG,2024-08-23,3.96,3.96,3.49,3.49
JG,2024-08-26,3.53,3.53,3.2689,3.48
JG,2024-08-27,3.6,3.82,3.59,3.61
JG,2024-08-28,3.405,3.7475,3.405,3.6927
JG,2024-08-29,3.85,3.88,3.46,3.82
JG,2024-08-30,3.75,4.0,3.75,4.0
JG,2024-09-03,3.99,4.41,3.97,4.22
JG,2024-09-04,4.3,4.3,4.21,4.3
JG,2024-09-05,4.11,4.4,4.11,4.3999
JG,2024-09-06,4.27,4.4,4.27,4.4
JG,2024-09-09,4.4947,4.51,4.2884,4.3499
JG,2024-09-10,4.3,4.52,4.125,4.155
JG,2024-09-11,4.47,4.47,4.043,4.1766
JG,2024-09-12,4.35,4.45,4.24,4.45
JG,2024-09-13,4.45,4.69,4.45,4.65
JG,2024-09-16,4.73,4.93,4.71,4.821
JG,2024-09-17,4.98,4.98,4.83,4.84
JG,2024-09-18,4.98,5.431,4.7499,4.94
JG,2024-09-19,4.88,5.37,4.88,5.3376
JG,2024-09-20,5.28,5.3221,4.7,5.32
JG,2024-09-23,5.0,5.5499,4.76,5.29
JG,2024-09-24,5.5,6.16,5.29,6.09
JG,2024-09-25,5.97,5.97,5.65,5.97
JG,2024-09-26,6.05,6.5,6.03,6.5
JG,2024-09-27,6.99,8.37,6.52,8.019
JG,2024-09-30,8.18,8.18,6.63,6.93
JG,2024-10-01,7.1,7.18,6.61,6.7201
JG,2024-10-02,6.98,7.08,6.7,6.99
JG,2024-10-03,6.98,8.33,6.98,7.83
JG,2024-10-04,8.24,9.5,8.06,9.4
JG,2024-10-07,9.6,9.7756,8.5955,8.94
JG,2024-10-08,8.8,8.925,7.1501,7.45
JG,2024-10-09,6.69,7.2492,6.18,6.9791
JG,2024-10-10,6.16,6.5599,5.6,6.3
JG,2024-10-11,6.52,6.52,6.09,6.14
JG,2024-10-14,6.03,6.3107,6.03,6.194
JG,2024-10-15,6.0987,6.14,5.81,5.854
JG,2024-10-16,5.75,6.14,5.25,6.0703
JG,2024-10-17,5.95,5.95,5.9401,5.95
JG,2024-10-18,6.03,6.33,5.94,6.02
JG,2024-10-21,6.225,6.225,6.1863,6.225
JG,2024-10-22,6.22,6.9,6.22,6.59
JG,2024-10-23,6.96,7.7823,6.8,7.17
JG,2024-10-24,7.45,7.7499,7.32,7.67
JG,2024-10-25,7.63,7.66,7.18,7.458
JG,2024-10-28,7.48,7.61,7.11,7.26
JG,2024-10-29,7.22,7.24,6.92,7.15
JG,2024-10-30,7.04,7.73,6.95,6.952
JG,2024-10-31,7.24,7.27,6.6,6.9752
JG,2024-11-01,6.56,6.57,5.7,5.7
JG,2024-11-04,5.89,6.04,5.74,5.74
JG,2024-11-05,5.81,6.315,5.81,5.82
JG,2024-11-06,5.855,5.855,5.6714,5.855
JG,2024-11-07,5.8792,5.8987,5.66,5.73
JG,2024-11-08,5.73,5.82,5.73,5.82
JG,2024-11-11,5.71,6.83,5.35,5.36
JG,2024-11-12,5.43,5.5791,5.0,5.01
JG,2024-11-13,4.96,5.82,4.96,5.72
JG,2024-11-14,5.99,5.99,5.6166,5.7
JG,2024-11-15,5.28,5.56,5.27,5.27
JG,2024-11-18,4.28,4.28,4.25,4.28
JG,2024-11-19,4.3,5.5,4.3,5.07
JG,2024-11-20,5.0485,7.7775,4.51,7.4
JG,2024-11-21,8.91,9.23,8.1,8.22
JG,2024-11-22,7.01,7.01,5.9201,7.01
JG,2024-11-25,7.28,8.01,7.0,7.31
JG,2024-11-26,7.02,7.53,6.98,7.29
JG,2024-11-27,7.0387,8.3,7.0387,8.19
JG,2024-11-29,8.0,8.18,8.0,8.18
JG,2024-12-02,8.2,8.2,6.45,6.98
JG,2024-12-03,6.91,7.33,6.79,7.21
JG,2024-12-04,7.5,7.75,7.43,7.5
JG,2024-12-05,7.15,7.845,6.91,7.13
JG,2024-12-06,6.98,7.8334,6.98,7.77
JG,2024-12-09,7.86,7.86,7.37,7.58
JG,2025-01-27,16.43,20.94,11.63,14.53
JG,2025-01-28,15.0,15.0,10.201,11.3
JG,2025-01-29,10.22,10.88,8.251,8.44
JG,2025-01-30,8.91,9.6921,7.34,7.6
JG,2025-01-31,7.6,8.3509,7.26,7.8
JG,2025-02-03,8.2,9.9499,7.62,8.85
JG,2025-02-04,9.04,9.85,8.61,8.81
JG,2025-02-05,9.4,11.6629,9.02,11.17
JG,2025-02-06,11.29,11.72,8.39,9.45
JG,2025-02-07,10.4,11.658,10.0832,11.1
JG,2025-02-10,11.62,17.37,11.62,13.14
JG,2025-02-11,14.05,14.525,12.5124,12.98
JG,2025-02-12,13.15,13.25,12.0002,12.5
JG,2025-02-13,11.99,12.5,11.44,12.0
JG,2025-02-14,13.0,13.26,11.8,11.82
JG,2025-02-18,12.51,12.51,10.03,11.75
JG,2025-02-19,11.1,11.8941,10.8625,11.3
JG,2025-02-20,11.5,11.5,10.76,10.77
JG,2025-02-21,11.29,12.4693,11.14,11.8
JG,2025-02-24,11.64,12.1,10.88,11.13
JG,2025-02-25,10.62,10.968,9.71,10.07
JG,2025-02-26,10.575,10.652,10.06,10.07
JG,2025-02-27,10.07,12.8,9.42,12.55
JG,2025-02-28,12.17,12.29,10.81,11.42
JG,2025-03-03,11.13,11.905,11.1,11.1
JG,2025-03-04,10.8,11.385,10.335,10.51
JG,2025-03-05,10.74,10.8546,10.15,10.25
JG,2025-03-06,10.62,10.98,9.6509,9.8617
JG,2025-03-07,9.99,9.99,9.26,9.6
JG,2025-03-10,9.6,9.8119,9.02,9.13
JG,2025-03-11,9.2,9.555,9.1,9.1
JG,2025-03-12,9.12,9.12,9.0,9.02
JG,2025-03-13,9.77,10.582,9.3,9.85
JG,2025-03-14,10.2,10.4,9.92,10.35
JG,2025-03-17,10.27,10.27,9.3,9.77
JG,2025-03-18,9.88,10.63,9.88,10.63
JG,2025-03-19,10.56,11.41,10.35,10.4
JG,2025-03-20,10.61,10.78,10.46,10.57
JG,2025-03-21,10.72,10.89,10.05,10.2
JG,2025-03-24,10.49,10.49,10.18,10.41
JG,2025-03-25,10.49,10.5,10.08,10.08
JG,2025-03-26,10.29,10.59,10.285,10.39
JG,2025-03-27,10.5,10.935,10.22,10.46
JG,2025-03-28,10.76,10.77,10.0101,10.06
JG,2025-03-31,10.09,10.595,10.09,10.595
JG,2025-04-01,10.361,10.5,10.12,10.28
JG,2025-04-02,10.14,10.72,10.14,10.59
JG,2025-04-03,10.43,10.43,9.95,10.145
JG,2025-04-04,9.472,9.69,8.91,8.988
JG,2025-04-07,8.365,8.39,8.16,8.16
JG,2025-04-08,8.24,8.97,8.21,8.23
JG,2025-04-09,8.24,8.66,8.09,8.3
JG,2025-04-10,8.4376,8.5868,8.09,8.09
JG,2025-04-11,8.3693,8.42,8.01,8.3
JG,2025-04-14,8.5711,8.5711,8.1,8.43
JG,2025-04-15,8.43,8.43,8.43,8.43
JG,2025-04-16,8.385,8.385,7.79,8.02
JG,2025-04-17,7.8,8.29,7.8,8.29
JG,2025-04-21,8.1605,8.1605,7.8,7.8
JG,2025-04-22,7.8,8.15,7.8,8.09
JG,2025-04-23,8.25,8.48,8.175,8.31
JG,2025-04-24,8.21,8.4601,8.18,8.45
JG,2025-04-25,8.37,8.4,8.06,8.39
JG,2025-04-28,8.1,8.43,8.1,8.4
JG,2025-04-29,8.6,8.74,8.495,8.74
JG,2025-04-30,8.5102,8.8,8.5102,8.77
JG,2025-05-01,8.6822,9.0,8.6822,8.815
JG,2025-05-02,8.99,9.305,8.83,8.83
JG,2025-05-05,8.6499,9.35,8.44,8.44
JG,2025-05-06,8.8628,8.8628,8.66,8.74
JG,2025-05-07,8.45,8.67,8.45,8.51
JG,2025-05-08,8.5297,9.1,8.5297,9.04
JG,2025-05-09,9.1,9.1,8.8101,8.8342
JG,2025-05-12,9.11,9.72,9.11,9.55
JG,2025-05-13,9.4802,9.65,9.25,9.44
JG,2025-05-14,8.9,9.5001,8.9,9.0994
JG,2025-05-15,8.93,9.1,8.93,8.98
JG,2025-05-16,8.9,9.015,8.8,8.9
JG,2025-05-19,9.52,9.52,9.43,9.43
JG,2025-05-20,9.7,10.09,9.5169,10.0
JG,2025-05-21,10.0,10.475,9.99,10.24
JG,2025-05-22,10.36,11.0,10.36,10.99
JG,2025-05-23,10.7452,11.18,10.61,10.61
JG,2025-05-27,10.95,11.41,10.95,11.19
JG,2025-05-28,11.12,11.425,10.9,10.9
JG,2025-05-29,11.2,11.97,11.165,11.61
JG,2025-05-30,11.538,12.01,11.5,11.51
JG,2025-06-02,11.84,11.84,10.1242,10.38
JG,2025-06-03,10.71,10.786,10.37,10.4
JG,2025-06-04,10.35,10.7,10.1,10.1801
JG,2025-06-05,10.4265,10.4265,10.01,10.01
JG,2025-06-06,10.25,10.26,9.7,9.83
JG,2025-06-09,9.56,10.08,9.56,10.0
JG,2025-06-10,10.42,10.5,10.25,10.36
JG,2025-06-11,10.31,10.9,10.31,10.3131
JG,2025-06-12,10.73,11.34,10.71,10.88
JG,2025-06-13,10.76,10.76,10.49,10.58
JG,2025-06-16,10.1301,10.63,10.1301,10.56
JG,2025-06-17,10.25,10.56,10.25,10.475
JG,2025-06-18,10.34,10.75,10.32,10.75
JG,2025-06-20,10.74,11.1,10.5101,10.8875
JG,2025-06-23,10.5655,10.96,10.5095,10.5095
JG,2025-06-24,11.0,11.2976,10.87,11.0114
JG,2025-06-25,11.61,12.43,11.405,12.2536
JG,2025-06-26,12.74,12.8,12.0237,12.03
JG,2025-06-27,12.0,12.0,11.5,11.5
JG,2025-06-30,11.45,11.955,10.5,10.77
JG,2025-07-01,10.76,11.5,10.3,11.0
JG,2025-07-02,10.55,11.56,10.55,10.94
JG,2025-07-03,10.65,11.75,10.5201,11.29
JG,2025-07-07,11.2,11.2,10.62,10.67
JG,2025-07-08,11.9,11.9,11.08,11.2
JG,2025-07-09,11.41,11.41,11.0103,11.21
JG,2025-07-10,10.8673,11.2959,10.86,11.11
JG,2025-07-11,11.68,12.0,11.68,11.7
JG,2025-07-14,12.21,12.52,11.3,11.84
JG,2025-07-15,11.91,12.2,11.155,11.875
JG,2025-07-16,11.66,12.24,11.2734,12.24
JG,2025-07-17,12.38,12.38,11.795,11.96
JG,2025-07-18,12.38,12.38,11.6,11.67
JG,2025-07-21,11.55,11.795,11.51,11.63
JG,2025-07-22,11.42,11.5514,11.0,11.0
JG,2025-07-23,11.52,11.69,11.21,11.63
JG,2025-07-24,11.2,11.476,11.2,11.3576
JG,2025-07-25,11.36,11.3602,11.0,11.0
JG,2025-07-28,10.96,10.96,10.63,10.65
JG,2025-07-29,10.98,10.98,10.12,10.3863
JG,2025-07-30,10.2,10.38,10.17,10.18
JG,2025-07-31,11.21,11.21,9.64,9.895
JG,2025-08-01,9.5,10.98,9.5,9.94
JG,2025-08-04,10.0,10.3,10.0,10.145
JG,2025-08-05,10.23,10.23,9.73,9.9521
JG,2025-08-06,9.76,9.76,8.65,8.65
JG,2025-08-07,8.93,9.56,8.86,8.86
JG,2025-08-08,8.92,9.2479,8.92,9.0
JG,2025-08-11,9.18,9.18,8.8,8.9
JG,2025-08-12,8.94,9.14,8.93,9.0505
JG,2025-08-13,9.66,9.66,9.0169,9.1299
JG,2025-08-14,8.9418,9.0704,8.94,8.9577
JG,2025-08-15,8.86,8.94,8.84,8.88
JG,2025-08-18,8.86,9.05,8.86,9.05
JG,2025-08-19,9.0,9.1,9.0,9.0146
JG,2025-08-20,9.078,9.08,8.96,8.96
JG,2025-08-21,8.9,9.4,8.9,9.22
JG,2025-08-22,9.5,10.38,9.5,10.38
JG,2025-08-25,10.4,10.535,10.2201,10.23
JG,2025-08-26,10.23,10.24,10.07,10.0894
JG,2025-08-27,10.08,10.24,10.08,10.17
JG,2025-08-28,10.2399,10.62,10.2101,10.35
JG,2025-08-29,10.15,11.06,10.08,10.3911
JG,2025-09-02,10.25,10.5,10.25,10.29
JG,2025-09-03,10.09,10.2,10.05,10.05
JG,2025-09-04,10.04,10.04,9.8819,9.8819
JG,2025-09-05,9.5,9.9501,9.5,9.8
JG,2025-09-08,9.568,9.885,9.568,9.7
JG,2025-09-09,9.63,9.7899,9.6,9.6
JG,2025-09-10,9.5799,10.148,9.5799,10.01
JG,2025-09-11,10.0,10.2,9.66,10.15
JG,2025-09-12,9.73,10.0406,9.73,10.0406
JG,2025-09-15,9.655,9.89,9.5,9.65
JG,2025-09-16,9.38,9.8613,9.38,9.51
JG,2025-09-17,9.635,9.87,9.45,9.45
JG,2025-09-18,9.51,9.555,9.42,9.42
JG,2025-09-19,9.42,9.67,9.4,9.67
JG,2025-09-22,9.67,9.7177,9.15,9.2101
JG,2025-09-23,9.24,9.485,9.1,9.1232
JG,2025-09-24,9.14,9.31,8.9,8.95
JG,2025-09-25,8.88,9.33,8.36,8.4
JG,2025-09-26,8.74,8.74,8.1,8.13
JG,2025-09-29,8.13,8.59,8.13,8.53
JG,2025-09-30,8.49,8.49,8.2029,8.24
JG,2025-10-01,8.2,8.2,7.9,8.1276
JG,2025-10-02,8.13,8.25,8.1,8.1029
JG,2025-10-03,8.19,8.47,8.15,8.44
JG,2025-10-06,8.67,8.9,8.0,8.425
JG,2025-10-07,8.61,8.69,8.46,8.52
JG,2025-10-08,8.55,8.785,8.52,8.66
JG,2025-10-09,8.45,8.79,8.45,8.68
JG,2025-10-10,8.89,8.96,8.25,8.25
JG,2025-10-13,8.0,8.23,8.0,8.17
JG,2025-10-14,8.0,8.34,8.0,8.3
JG,2025-10-15,8.47,8.58,8.35,8.5
JG,2025-10-16,8.47,8.55,8.32,8.4
JG,2025-10-17,8.25,8.38,8.0,8.2
JG,2025-10-20,8.18,8.5,8.18,8.5
JG,2025-10-21,7.51,8.4716,7.51,8.4701
JG,2025-10-22,8.4,8.46,8.0514,8.1491
JG,2025-10-23,7.98,8.4,7.98,8.34
JG,2025-10-24,8.3675,8.55,8.36,8.47
JG,2025-10-27,8.3,8.33,8.08,8.08
JG,2025-10-28,8.0847,8.1,8.08,8.1
JG,2025-10-29,7.94,7.94,7.8,7.894531
JG,2025-10-30,7.8,7.8,7.55,7.59
JG,2025-10-31,7.725,7.725,7.44,7.47
JG,2025-11-03,7.45,7.45,7.165,7.17
JG,2025-11-04,6.93,7.02,5.85,6.25
JG,2025-11-05,6.55,6.83,6.5,6.5
JG,2025-11-06,6.5,6.5,6.05,6.05
JG,2025-11-07,6.18,6.18,6.06,6.18
JG,2025-11-10,6.41,6.485,6.41,6.485
JG,2025-11-11,6.54,6.99,6.48,6.48
JG,2025-11-12,6.74,6.8,6.64,6.6611
JG,2025-11-13,7.11,7.11,6.48,6.51
JG,2025-11-14,6.11,6.69,6.11,6.38
JG,2025-11-17,6.375,6.64,6.37,6.51
JG,2025-11-18,6.55,6.57,6.181987,6.53
JG,2025-11-19,6.39,6.76,6.39,6.6
JG,2025-11-20,6.5201,6.77,6.5201,6.77
JG,2025-11-21,6.55,6.91,6.33,6.74
JG,2025-11-24,6.5538,6.76,6.55,6.6
JG,2025-11-25,6.46,6.62,6.3301,6.62
JG,2025-11-26,6.49,6.62,6.4,6.59
JG,2025-11-28,6.4,6.6,6.4,6.43
